시도명,시군구명,읍면명,회관명,소재지,규모(제곱미터),데이터기준일자
전라남도,담양군,담양읍,담주 마을회관,전라남도 담양군 담양읍 담주리 61,110.4,2022-05-27
전라남도,담양군,담양읍,천변 마을회관,전라남도 담양군 담양읍 천변리 97,101.9,2022-05-27
전라남도,담양군,담양읍,금곡 마을회관,전라남도 담양군 담양읍 지침리 84-2,137.7,2022-05-27
전라남도,담양군,담양읍,객사1리 마을회관,전라남도 담양군 담양읍 객사리 158,83.85,2022-05-27
전라남도,담양군,담양읍,객사2리 마을회관,전라남도 담양군 담양읍 객사리 232-2,106.1,2022-05-27
전라남도,담양군,담양읍,향백동 마을회관,전라남도 담양군 담양읍 백동1리 63-1,95.16,2022-05-27
전라남도,담양군,담양읍,내동 마을회관,전라남도 담양군 담양읍 백동2리 172-1,82.4,2022-05-27
전라남도,담양군,담양읍,신기 마을회관,전라남도 담양군 담양읍 백동3리 475,50,2022-05-27
전라남도,담양군,담양읍,미리산 마을회관,전라남도 담양군 담양읍 백동4리 244-8,48,2022-05-27
전라남도,담양군,담양읍,서당골 마을회관,전라남도 담양군 담양읍 백동6리 15-1,82.56,2022-05-27
전라남도,담양군,담양읍,남촌 마을회관,전라남도 담양군 담양읍 남산1리 170-2,65.9,2022-05-27
전라남도,담양군,담양읍,동정자 마을회관,전라남도 담양군 담양읍 남산2리 50-2,52.38,2022-05-27
전라남도,담양군,담양읍,광동 마을회관,전라남도 담양군 담양읍 향교1리 379-1,70.8,2022-05-27
전라남도,담양군,담양읍,향교 마을회관,전라남도 담양군 담양읍 향교1리 290-1,66,2022-05-27
전라남도,담양군,담양읍,취영 마을회관,전라남도 담양군 담양읍 향교2리 398-2,44.46,2022-05-27
전라남도,담양군,담양읍,신흥 마을회관,전라남도 담양군 담양읍 향교3리 446-19,153.2,2022-05-27
전라남도,담양군,담양읍,완동 마을회관,전라남도 담양군 담양읍 만성1리 110,66,2022-05-27
전라남도,담양군,담양읍,벌뫼 마을회관,전라남도 담양군 담양읍 만성2리 171-1,93.3,2022-05-27
전라남도,담양군,담양읍,시산 마을회관,전라남도 담양군 담양읍 양각1리 192-4,174.1,2022-05-27
전라남도,담양군,담양읍,사미정 마을회관,전라남도 담양군 담양읍 양각2리 135,76.7,2022-05-27
전라남도,담양군,담양읍,강쟁 마을회관,전라남도 담양군 담양읍 강쟁1리 879-1,86.9,2022-05-27
전라남도,담양군,담양읍,두곡 마을회관,전라남도 담양군 담양읍 강쟁2리 273-13,182.4,2022-05-27
전라남도,담양군,담양읍,신성 마을회관,전라남도 담양군 담양읍 강쟁3리 1763,106.9,2022-05-27
전라남도,담양군,담양읍,오현 마을회관,전라남도 담양군 담양읍 오계1리 126,83.8,2022-05-27
전라남도,담양군,담양읍,계동 마을회관,전라남도 담양군 담양읍 오계2리 542-13,79.5,2022-05-27
전라남도,담양군,담양읍,반룡 마을회관,전라남도 담양군 담양읍 반룡1리 560,151.2,2022-05-27
전라남도,담양군,담양읍,용주 마을회관,전라남도 담양군 담양읍 반룡2리 771,227.8,2022-05-27
전라남도,담양군,담양읍,신촌 마을회관 ,전라남도 담양군 담양읍 반룡3리 215-1,110.7,2022-05-27
전라남도,담양군,담양읍,연화촌 마을회관,전라남도 담양군 담양읍 금월1리 472-5,139,2022-05-27
전라남도,담양군,담양읍,금월 마을회관,전라남도 담양군 담양읍 금월2리 93-1,75.3,2022-05-27
전라남도,담양군,담양읍,오정 마을회관,전라남도 담양군 담양읍 삼만1리 600-1,89.8,2022-05-27
전라남도,담양군,담양읍,내동 마을회관,전라남도 담양군 담양읍 삼만2리 50-1,77.7,2022-05-27
전라남도,담양군,담양읍,원삼만 마을회관,전라남도 담양군 담양읍 삼만3리 275-1,66.5,2022-05-27
전라남도,담양군,담양읍,선계 마을회관,전라남도 담양군 담양읍 삼만3리 360-2,60.38,2022-05-27
전라남도,담양군,담양읍,학동 마을회관,전라남도 담양군 담양읍 학동1리 243-2,98.8,2022-05-27
전라남도,담양군,담양읍,심곡 마을회관,전라남도 담양군 담양읍 학동2리 475-1,98.1,2022-05-27
전라남도,담양군,담양읍,운교 마을회관,전라남도 담양군 담양읍 운교리 186,96.2,2022-05-27
전라남도,담양군,담양읍,외다 마을회관,전라남도 담양군 담양읍 삼다1리 197-1,185.1,2022-05-27
전라남도,담양군,담양읍,내다 마을회관,전라남도 담양군 담양읍 삼다2리 380-2,100.3,2022-05-27
전라남도,담양군,담양읍,고가뫼 마을회관,전라남도 담양군 담양읍 가산1리 397-3,147.2,2022-05-27
전라남도,담양군,담양읍,회룡 마을회관 ,전라남도 담양군 담양읍 가산2리 808-7,98.47,2022-05-27
전라남도,담양군,봉산면,대추 마을회관,전라남도 봉산면 대추1리 1209-3,117.84,2022-05-27
전라남도,담양군,봉산면,도고 마을회관,전라남도 봉산면 대추2리 133-1,139.88,2022-05-27
전라남도,담양군,봉산면,곡정 마을회관,전라남도 봉산면 대추3리 98,107.97,2022-05-27
전라남도,담양군,봉산면,제월 마을회관,전라남도 봉산면 제월1리 178-3,381.2,2022-05-27
전라남도,담양군,봉산면,서봉 마을회관,전라남도 봉산면 제월2리 346,67.2,2022-05-27
전라남도,담양군,봉산면,마항 마을회관,전라남도 봉산면 제월3리 571,82.6,2022-05-27
전라남도,담양군,봉산면,신학 마을회관,전라남도 봉산면 신학1리 69,64.8,2022-05-27
전라남도,담양군,봉산면,학동 마을회관,전라남도 봉산면 신학2리 150,212,2022-05-27
전라남도,담양군,봉산면,탄금 마을회관,전라남도 봉산면 기곡1리 878-4,165.3,2022-05-27
전라남도,담양군,봉산면,방축 마을회관,전라남도 봉산면 기곡2리 730-3,77.62,2022-05-27
전라남도,담양군,봉산면,연산 마을회관,전라남도 봉산면 기곡3리 547,74.6,2022-05-27
전라남도,담양군,봉산면,상덕 마을회관,전라남도 봉산면 기곡4리 606-1,77.8,2022-05-27
전라남도,담양군,봉산면,송산 마을회관,전라남도 봉산면 기곡5리 167,96.03,2022-05-27
전라남도,담양군,봉산면,연동 마을회관,전라남도 봉산면 연동1리 291,155.64,2022-05-27
전라남도,담양군,봉산면,죽림 마을회관,전라남도 봉산면 연동2리 64,89.57,2022-05-27
전라남도,담양군,봉산면,유산 마을회관,전라남도 봉산면 유산1리 442-1,99.9,2022-05-27
전라남도,담양군,봉산면,마산 마을회관,전라남도 봉산면 유산2리 263,92.04,2022-05-27
전라남도,담양군,봉산면,양지 마을회관,전라남도 봉산면 양지리 593,235,2022-05-27
전라남도,담양군,봉산면,월전 마을회관,전라남도 봉산면 양지2리 482-1,73.5,2022-05-27
전라남도,담양군,봉산면,와우 마을회관,전라남도 봉산면 와우1리 536-5,156.05,2022-05-27
전라남도,담양군,봉산면,신평 마을회관,전라남도 봉산면 와우2리 486-5,121.07,2022-05-27
전라남도,담양군,봉산면,봉학 마을회관,전라남도 봉산면 와우3리 332-5,41.88,2022-05-27
전라남도,담양군,봉산면,삼지 마을회관,전라남도 봉산면 삼지리 430,100,2022-05-27
전라남도,담양군,고서면,교촌 마을회관,전라남도 고서면 교산1리 403-39,77,2022-05-27
전라남도,담양군,고서면,하북산 마을회관,전라남도 고서면 교산2리 200-8,83.82,2022-05-27
전라남도,담양군,고서면,장성물 마을회관,전라남도 고서면 교산2리 304-2,81.9,2022-05-27
전라남도,담양군,고서면,덕촌 마을회관,전라남도 고서면 고읍1리 512-4,99.69,2022-05-27
전라남도,담양군,고서면,신양 마을회관,전라남도 고서면 고읍2리 395-5,83.16,2022-05-27
전라남도,담양군,고서면,잣정 마을회관,전라남도 고서면 분향1리 273-2,102.11,2022-05-27
전라남도,담양군,고서면,용대 마을회관,전라남도 고서면 분향2리 131-9,86.53,2022-05-27
전라남도,담양군,고서면,운현 마을회관,전라남도 고서면 금현2리 175-1,97.29,2022-05-27
전라남도,담양군,고서면,노채 마을회관,전라남도 고서면 금현3리 83,76.14,2022-05-27
전라남도,담양군,고서면,금단동 마을회관,전라남도 고서면 금현2리 408-1,77.85,2022-05-27
전라남도,담양군,고서면,성산 마을회관,전라남도 고서면 성월1리 51-1,100.98,2022-05-27
전라남도,담양군,고서면,월천 마을회관,전라남도 고서면 성월3리 875-4,72.74,2022-05-27
전라남도,담양군,고서면,검단 마을회관,전라남도 고서면 성월4리 820-1,78.21,2022-05-27
전라남도,담양군,고서면,해평 마을회관,전라남도 고서면 성월5리 348-29,84.48,2022-05-27
전라남도,담양군,고서면,내보 마을회관,전라남도 고서면 보촌1리 136-4,86.49,2022-05-27
전라남도,담양군,고서면,외보 마을회관,전라남도 고서면 보촌2리 543,89.49,2022-05-27
전라남도,담양군,고서면,주평 마을회관,전라남도 고서면 주산1리 598-1,95.99,2022-05-27
전라남도,담양군,고서면,노안등 마을회관,전라남도 고서면 주산1리 514-4,84.1,2022-05-27
전라남도,담양군,고서면,주산 마을회관,전라남도 고서면 주산2리 275,69,2022-05-27
전라남도,담양군,고서면,장산 마을회관,전라남도 고서면 주산3리 398,83.3,2022-05-27
전라남도,담양군,고서면,원유동 마을회관,전라남도 고서면 원강1리 424-1,109.12,2022-05-27
전라남도,담양군,고서면,분토동 마을회관,전라남도 고서면 원강3리 587-3,78.98,2022-05-27
전라남도,담양군,고서면,동산촌 마을회관,전라남도 고서면 동운1리 765,129.51,2022-05-27
전라남도,담양군,고서면,운교 구름다리 마을회관,전라남도 고서면 동운2리 335-1,85.96,2022-05-27
전라남도,담양군,고서면,원등 마을회관,전라남도 고서면 동운3리 1308-1,82.97,2022-05-27
전라남도,담양군,고서면,상덕 마을회관,전라남도 고서면 산덕1리 112-14,98.67,2022-05-27
전라남도,담양군,고서면,후산 마을회관,전라남도 고서면 산덕2리 432-2,101.09,2022-05-27
전라남도,담양군,가사문학면,지실 마을회관,전라남도 가사문학면 지곡1리 262,61.56,2022-05-27
전라남도,담양군,가사문학면,지석 마을회관,전라남도 가사문학면 지곡2리 78-4,141,2022-05-27
전라남도,담양군,가사문학면,연천 마을회관,전라남도 가사문학면 연천1리 160-4,72.8,2022-05-27
전라남도,담양군,가사문학면,반석 마을회관,전라남도 가사문학면 연천2리 291-1,72.8,2022-05-27
전라남도,담양군,가사문학면,정곡 마을회관,전라남도 가사문학면 정곡1리 383-1,83.82,2022-05-27
전라남도,담양군,가사문학면,사봉실 마을회관,전라남도 가사문학면 정곡1리 189,72.45,2022-05-27
전라남도,담양군,가사문학면,시문 마을회관,전라남도 가사문학면 정곡2리 103,88.26,2022-05-27
전라남도,담양군,가사문학면,경상 마을회관,전라남도 가사문학면 경상리 291,78.72,2022-05-27
전라남도,담양군,가사문학면,무동 마을회관,전라남도 가사문학면 무동리 338,73.44,2022-05-27
전라남도,담양군,가사문학면,만월 마을회관,전라남도 가사문학면 만월1리 389,88.5,2022-05-27
전라남도,담양군,가사문학면,용연 마을회관,전라남도 가사문학면 만월2리 121-3,88.2,2022-05-27
전라남도,담양군,가사문학면,구산 마을회관,전라남도 가사문학면 구산1리 105-3,91.38,2022-05-27
전라남도,담양군,가사문학면,장단 마을회관,전라남도 가사문학면 구산2리 315,80.46,2022-05-27
전라남도,담양군,가사문학면,인암 마을회관,전라남도 가사문학면 인암리 91,84.99,2022-05-27
전라남도,담양군,가사문학면,자창 마을회관,전라남도 가사문학면 가암1리 232-4,70.47,2022-05-27
전라남도,담양군,가사문학면,청촌 마을회관,전라남도 가사문학면 가암2리 394-1,69.84,2022-05-27
전라남도,담양군,가사문학면,풍암 마을회관,전라남도 가사문학면 풍암리 103,70.2,2022-05-27
전라남도,담양군,가사문학면,화암 마을회관,전라남도 가사문학면 화암리 340-1,72.36,2022-05-27
전라남도,담양군,창평면,시동 마을회관,전라남도 창평면 창평1리 287-3,77.74,2022-05-27
전라남도,담양군,창평면,사동 마을회관,전라남도 창평면 창평2리 637-12,88.08,2022-05-27
전라남도,담양군,창평면,상삼천 마을회관,전라남도 창평면 삼천2리 173-6,93.66,2022-05-27
전라남도,담양군,창평면,수곡 마을회관,전라남도 창평면 용수1리 253,86.34,2022-05-27
전라남도,담양군,창평면,용운동 마을회관,전라남도 창평면 용수2리 416-2,80.33,2022-05-27
전라남도,담양군,창평면,용수전원 마을회관,전라남도 창평면 용수1길 3,82.4,2022-05-27
전라남도,담양군,창평면,유천 마을회관,전라남도 창평면 유천1리 121-1,184,2022-05-27
전라남도,담양군,창평면,양산 마을회관,전라남도 창평면 오강1리 111,66,2022-05-27
전라남도,담양군,창평면,오산 마을회관,전라남도 창평면 오강1리 272-2,73.2,2022-05-27
전라남도,담양군,창평면,강촌 마을회관,전라남도 창평면 오강2리 470,83,2022-05-27
전라남도,담양군,창평면,당곡 마을회관,전라남도 창평면 오강2리 509-1,76.05,2022-05-27
전라남도,담양군,창평면,죽항 마을회관,전라남도 창평면 의항1리 239,71.76,2022-05-27
전라남도,담양군,창평면,보평 마을회관,전라남도 창평면 의항1리 151-1,73.5,2022-05-27
전라남도,담양군,창평면,의암 마을회관,전라남도 창평면 의항2리 535-6,77.35,2022-05-27
전라남도,담양군,창평면,하산 마을회관,전라남도 창평면 일산1리 238-1,88.65,2022-05-27
전라남도,담양군,창평면,상산 마을회관,전라남도 창평면 일산2리 96-1,90.18,2022-05-27
전라남도,담양군,창평면,장전 마을회관,전라남도 창평면 장화1리 437-1,118.1,2022-05-27
전라남도,담양군,창평면,화양촌 마을회관,전라남도 창평면 장화2리 587-1,81.74,2022-05-27
전라남도,담양군,창평면,절산 마을회관,전라남도 창평면 유곡1리 557-26,96,2022-05-27
전라남도,담양군,창평면,연화촌 마을회관,전라남도 창평면 유곡2리 140,82.08,2022-05-27
전라남도,담양군,창평면,기동 마을회관,전라남도 창평면 유곡3리 378-4,74,2022-05-27
전라남도,담양군,창평면,얼그실 마을회관,전라남도 창평면 해곡1리 212,77,2022-05-27
전라남도,담양군,창평면,내동 마을회관,전라남도 창평면 해곡2리 272-4,57.6,2022-05-27
전라남도,담양군,창평면,부동촌 마을회관,전라남도 창평면 해곡3리 509-1,81.9,2022-05-27
전라남도,담양군,창평면,성덕 마을회관,전라남도 창평면 해곡4리 592-2,101,2022-05-27
전라남도,담양군,창평면,조현 마을회관,전라남도 창평면 광덕1리 663-2,71.48,2022-05-27
전라남도,담양군,창평면,신흥 마을회관,전라남도 창평면 광덕2리 614-1,9.1,2022-05-27
전라남도,담양군,창평면,현암 마을회관,전라남도 창평면 광덕3리 77,69.2,2022-05-27
전라남도,담양군,창평면,외동 마을회관,전라남도 창평면 외동리 411,72,2022-05-27
전라남도,담양군,대덕면,사창 마을회관,전라남도 대덕면 매산1리 160-1,67.74,2022-05-27
전라남도,담양군,대덕면,등갈 마을회관,전라남도 대덕면 매산2리 573-4,59.85,2022-05-27
전라남도,담양군,대덕면,대조 마을회관,전라남도 대덕면 매산3리 79-1,155.24,2022-05-27
전라남도,담양군,대덕면,신갈 마을회관,전라남도 대덕면 매산4리 산 74-3,49.5,2022-05-27
전라남도,담양군,대덕면,대산 마을회관,전라남도 대덕면 장산1리 422-5,65.61,2022-05-27
전라남도,담양군,대덕면,장동 마을회관,전라남도 대덕면 장산2리 245-1,100.8,2022-05-27
전라남도,담양군,대덕면,차동 마을회관,전라남도 대덕면 비차1리 536,95.47,2022-05-27
전라남도,담양군,대덕면,가흥 마을회관,전라남도 대덕면 비차2리 426,68.68,2022-05-27
전라남도,담양군,대덕면,무월 마을회관,전라남도 대덕면 금산1리 334,116.65,2022-05-27
전라남도,담양군,대덕면,시목 마을회관,전라남도 대덕면 금산2리 545-1,205,2022-05-27
전라남도,담양군,대덕면,성곡 마을회관,전라남도 대덕면 성곡리 287-2,72,2022-05-27
전라남도,담양군,대덕면,하운 마을회관,전라남도 대덕면 운암1리 733-1,132.14,2022-05-27
전라남도,담양군,대덕면,상운 마을회관,전라남도 대덕면 운암2리 992,50.34,2022-05-27
전라남도,담양군,대덕면,팔학 마을회관,전라남도 대덕면 운암3리 367-7,82.8,2022-05-27
전라남도,담양군,대덕면,내문 마을회관,전라남도 대덕면 문학1리 237-9,89.7,2022-05-27
전라남도,담양군,대덕면,외문 마을회관,전라남도 대덕면 문학2리 426-4,84.2,2022-05-27
전라남도,담양군,대덕면,용대 마을회관,전라남도 대덕면 용대1리 248,72.6,2022-05-27
전라남도,담양군,대덕면,청운 마을회관,전라남도 대덕면 용대2리 962-1,66.4,2022-05-27
전라남도,담양군,대덕면,하갈 마을회관,전라남도 대덕면 갈전1리 460,48.19,2022-05-27
전라남도,담양군,대덕면,상갈 마을회관,전라남도 대덕면 갈전2리 673,80.31,2022-05-27
전라남도,담양군,대덕면,저심 마을회관,전라남도 대덕면 운산1리 15-2,108.65,2022-05-27
전라남도,담양군,대덕면,입석 마을회관,전라남도 대덕면 입석리 324,74.1,2022-05-27
전라남도,담양군,무정면,술지 마을회관,전라남도 무정면 봉안1리 593,124.42,2022-05-27
전라남도,담양군,무정면,수문동 마을회관,전라남도 무정면 봉안2리 38-1,81.74,2022-05-27
전라남도,담양군,무정면,외당 마을회관,전라남도 무정면 오룡1리 325-2,136.62,2022-05-27
전라남도,담양군,무정면,내당 마을회관,전라남도 무정면 오룡2리 460-1,83.75,2022-05-27
전라남도,담양군,무정면,오봉 마을회관,전라남도 무정면 오봉리 134-1,58.8,2022-05-27
전라남도,담양군,무정면,죽산 마을회관,전라남도 무정면 영천1리 484-1,453,2022-05-27
전라남도,담양군,무정면,봉서 마을회관,전라남도 무정면 영천2리 424-5,79.33,2022-05-27
전라남도,담양군,무정면,중리 마을회관,전라남도 무정면 성도1리 199-2,119.09,2022-05-27
전라남도,담양군,무정면,성덕 마을회관,전라남도 무정면 성도2리 593-6,90.72,2022-05-27
전라남도,담양군,무정면,칠전 마을회관,전라남도 무정면 동산1리 996-2,82.35,2022-05-27
전라남도,담양군,무정면,칠지 마을회관,전라남도 무정면 동산2리 564-3,165,2022-05-27
전라남도,담양군,무정면,동산 마을회관,전라남도 무정면 동산3리 138-1,75.45,2022-05-27
전라남도,담양군,무정면,안평 마을회관,전라남도 무정면 안평리 202-1,98.73,2022-05-27
전라남도,담양군,무정면,덕곡 마을회관 ,전라남도 무정면 덕곡리 297-1,87.08,2022-05-27
전라남도,담양군,무정면,서흥1구 마을회관,전라남도 무정면 서흥1리 561-1,72.84,2022-05-27
전라남도,담양군,무정면,서흥2구 마을회관,전라남도 무정면 서흥2리 206-1,57.7,2022-05-27
전라남도,담양군,무정면,정석 마을회관,전라남도 무정면 정석리 157-11,66.1,2022-05-27
전라남도,담양군,무정면,평지 마을회관,전라남도 무정면 평지리 299-1,85.28,2022-05-27
전라남도,담양군,무정면,강정자 마을회관,전라남도 무정면 동강1리 325-1,84.55,2022-05-27
전라남도,담양군,무정면,등룡 마을회관,전라남도 무정면 오례2리 646,107.83,2022-05-27
전라남도,담양군,무정면,신촌 마을회관 ,전라남도 무정면 오례3리 114-6,81.28,2022-05-27
전라남도,담양군,금성면,내천 마을회관,전라남도 금성면 원리1리 71-1,40.68,2022-05-27
전라남도,담양군,금성면,외천 마을회관,전라남도 금성면 원리2리 177-1,76.91,2022-05-27
전라남도,담양군,금성면,석현 마을회관,전라남도 금성면 석현1리 163-1,138.6,2022-05-27
전라남도,담양군,금성면,무림동 마을회관,전라남도 금성면 석현2리 333-2,66.56,2022-05-27
전라남도,담양군,금성면,양지 마을회관,전라남도 금성면 대성1리  774,130.44,2022-05-27
전라남도,담양군,금성면,정각 마을회관,전라남도 금성면 대성1리 656-2,74.4,2022-05-27
전라남도,담양군,금성면,원대성 마을회관,전라남도 금성면 대성2리 560-8,95.61,2022-05-27
전라남도,담양군,금성면,봉곡 마을회관,전라남도 금성면 대성2리 583,40.9,2022-05-27
전라남도,담양군,금성면,원율 마을회관,전라남도 금성면 원율1리 256-6,67.79,2022-05-27
전라남도,담양군,금성면,오평 마을회관,전라남도 금성면 원율2리 106-10,114,2022-05-27
전라남도,담양군,금성면,평신기 마을회관,전라남도 금성면 금성1리 285-2,349.84,2022-05-27
전라남도,담양군,금성면,문암 마을회관,전라남도 금성면 금성1리 134,52.2,2022-05-27
전라남도,담양군,금성면,하성 마을회관,전라남도 금성면 금성2리 605-1,81.75,2022-05-27
전라남도,담양군,금성면,덕성 마을회관,전라남도 금성면 덕성1리 815-11 ,98.7,2022-05-27
전라남도,담양군,금성면,장항 마을회관,전라남도 금성면 봉서1리 692,75,2022-05-27
전라남도,담양군,금성면,대판 마을회관,전라남도 금성면 봉서1리 206,70.18,2022-05-27
전라남도,담양군,금성면,와룡 마을회관,전라남도 금성면 봉서2리 1112-1,109.69,2022-05-27
전라남도,담양군,금성면,대실 마을회관,전라남도 금성면 대곡1리  199-1,110.34,2022-05-27
전라남도,담양군,금성면,손오실 마을회관,전라남도 금성면 대곡2리 550,59.4,2022-05-27
전라남도,담양군,금성면,산이천 마을회관,전라남도 금성면 대곡3리 637,64.8,2022-05-27
전라남도,담양군,금성면,외추 마을회관,전라남도 금성면 외추리 144-5,70.78,2022-05-27
전라남도,담양군,금성면,노천동 마을회관,전라남도 금성면 외추리 191,67.5,2022-05-27
전라남도,담양군,금성면,가라실 마을회관 ,전라남도 금성면 봉황1리 284,69.36,2022-05-27
전라남도,담양군,금성면,죽림 마을회관,전라남도 금성면 봉황2리 445-3,41.97,2022-05-27
전라남도,담양군,용면,두장 마을회관,전라남도 용면 두장1리 381-5,115.95,2022-05-27
전라남도,담양군,용면,장찬 마을회관,전라남도 용면 두장2리 817-3,71.6,2022-05-27
전라남도,담양군,용면,서평 마을회관,전라남도 용면 두장2리 929-6,89.73,2022-05-27
전라남도,담양군,용면,박곡 마을회관,전라남도 용면 통천1리 84,79.32,2022-05-27
전라남도,담양군,용면,매월 마을회관,전라남도 용면 통천2리 290-2,159.88,2022-05-27
전라남도,담양군,용면,통천 마을회관,전라남도 용면 통천3리 668-1,86.7,2022-05-27
전라남도,담양군,용면,추성 마을회관,전라남도 용면 추성리 586,66.6,2022-05-27
전라남도,담양군,용면,와산 마을회관,전라남도 용면 추성2리 81-2,60,2022-05-27
전라남도,담양군,용면,신흥 마을회관,전라남도 용면 추성3리 445-19,50,2022-05-27
전라남도,담양군,용면,태월 마을회관,전라남도 용면 쌍태리 222,90.36,2022-05-27
전라남도,담양군,용면,상월 마을회관,전라남도 용면 쌍태리 425-11,74.8,2022-05-27
전라남도,담양군,용면,도림 마을회관,전라남도 용면 도림리 259,77.26,2022-05-27
전라남도,담양군,용면,월계 마을회관 ,전라남도 용면 월계리 243,78.82,2022-05-27
전라남도,담양군,용면,분통 마을회관,전라남도 용면 용연1리 232,92.4,2022-05-27
전라남도,담양군,용면,용평 마을회관,전라남도 용면 용연2리 681,54.2,2022-05-27
전라남도,담양군,용면,용동 마을회관,전라남도 용면 용연3리 72-10,79.09,2022-05-27
전라남도,담양군,용면,용치 마을회관,전라남도 용면 용연1리 30-3,255.79,2022-05-27
전라남도,담양군,월산면,월산 마을회관,전라남도 월산면 월산1리 715-3,79.3,2022-05-27
전라남도,담양군,월산면,장재 마을회관 ,전라남도 월산면 월산2리 146-4,67.59,2022-05-27
전라남도,담양군,월산면,동산 마을회관,전라남도 월산면 월산3리 624-1,100.46,2022-05-27
전라남도,담양군,월산면,도개 마을회관,전라남도 월산면 월산4리 494-3,218.88,2022-05-27
전라남도,담양군,월산면,월평 마을회관,전라남도 월산면 월평1리 556-1,140.4,2022-05-27
전라남도,담양군,월산면,신평 마을회관,전라남도 월산면 월평2리 849-1,70,2022-05-27
전라남도,담양군,월산면,왕산 마을회관 ,전라남도 월산면 월평3리 192-1,140.4,2022-05-27
전라남도,담양군,월산면,월곡 마을회관,전라남도 월산면 중월2리 348,83.33,2022-05-27
전라남도,담양군,월산면,도동 마을회관,전라남도 월산면 용흥1리 142-1,76.48,2022-05-27
전라남도,담양군,월산면,가곡 마을회관 ,전라남도 월산면 용흥2리 298-3,72.8,2022-05-27
전라남도,담양군,월산면,용금 마을회관,전라남도 월산면 용암1리 549-1,83.98,2022-05-27
전라남도,담양군,월산면,홍암 마을회관,전라남도 월산면 용암2리 205-1,102.9,2022-05-27
전라남도,담양군,월산면,용산 마을회관,전라남도 월산면 신계리 320-1,65.34,2022-05-27
전라남도,담양군,월산면,박산 마을회관,전라남도 월산면 신계리 28,175.21,2022-05-27
전라남도,담양군,월산면,사암 마을회관,전라남도 월산면 광암1리 255,48.88,2022-05-27
전라남도,담양군,월산면,월천 마을회관,전라남도 월산면 광암2리 305-1,63.6,2022-05-27
전라남도,담양군,월산면,광덕 마을회관 ,전라남도 월산면 광암3리 716-1,66.18,2022-05-27
전라남도,담양군,월산면,오성 마을회관,전라남도 월산면 오성리 183-5,20.6,2022-05-27
전라남도,담양군,월산면,내동 마을회관,전라남도 월산면 오성리 323-14,71.02,2022-05-27
전라남도,담양군,월산면,군수동 마을회관,전라남도 월산면 오성리 63-6,65.02,2022-05-27
전라남도,담양군,월산면,복정 마을회관 ,전라남도 월산면 월계1리 347,237.5,2022-05-27
전라남도,담양군,월산면,농암 마을회관,전라남도 월산면 월계2리 650-1,99,2022-05-27
전라남도,담양군,월산면,마산 마을회관,전라남도 월산면 화방1리 514-1,86.47,2022-05-27
전라남도,담양군,월산면,봉명 마을회관,전라남도 월산면 화방2리 241-1,88.06,2022-05-27
전라남도,담양군,월산면,송정 마을회관,전라남도 월산면 화방3리 581-11,49.14,2022-05-27
전라남도,담양군,수북면,나산 마을회관,전라남도 수북면 나산리 171-1,95.57,2022-05-27
전라남도,담양군,수북면,개동 마을회관,전라남도 수북면 개동리 630-6,106.7,2022-05-27
전라남도,담양군,수북면,정중 마을회관,전라남도 수북면 정중리 746,151.9,2022-05-27
전라남도,담양군,수북면,금구동 마을회관,전라남도 수북면 황금리 96-24,109.8,2022-05-27
전라남도,담양군,수북면,황덕 마을회관,전라남도 수북면 황금리 298-5,168.4,2022-05-27
전라남도,담양군,수북면,고리대 마을회관,전라남도 수북면 고성1리 319-1,453.6,2022-05-27
전라남도,담양군,수북면,월성산 마을회관,전라남도 수북면 고성2리 645-1,131.2,2022-05-27
전라남도,담양군,수북면,오정1구 마을회관,전라남도 수북면 오정1리 208-1,249.7,2022-05-27
전라남도,담양군,수북면,삼인동 마을회관,전라남도 수북면 오정2리 691-2,97.81,2022-05-27
전라남도,담양군,수북면,송정 마을회관,전라남도 수북면 대방1리 955-58,106.2,2022-05-27
전라남도,담양군,수북면,원대방 마을회관,전라남도 수북면 대방2리 706-1,280.4,2022-05-27
전라남도,담양군,수북면,포백 마을회관,전라남도 수북면 대방3리 101-32,93.6,2022-05-27
전라남도,담양군,수북면,원궁산 마을회관,전라남도 수북면 궁산1리 288-1,85.75,2022-05-27
전라남도,담양군,수북면,구암 마을회관,전라남도 수북면 궁산2리 222,99.2,2022-05-27
전라남도,담양군,수북면,두정(경산) 마을회관,전라남도 수북면 두정리 465,136.9,2022-05-27
전라남도,담양군,수북면,두동 마을회관,전라남도 수북면 두정리 72,88.74,2022-05-27
전라남도,담양군,수북면,주평 마을회관,전라남도 수북면 주평1리 245,164.2,2022-05-27
전라남도,담양군,수북면,풍수1구 마을회관,전라남도 수북면 풍수리 808-4,109.1,2022-05-27
전라남도,담양군,수북면,풍수2구 마을회관,전라남도 수북면 풍수리 702,111.9,2022-05-27
전라남도,담양군,수북면,풍수3구 마을회관,전라남도 수북면 풍수리 74-1,55.62,2022-05-27
전라남도,담양군,수북면,남산 마을회관,전라남도 수북면 남산리 355-1,73.6,2022-05-27
전라남도,담양군,수북면,원대흥 마을회관 ,전라남도 수북면 대흥리 72-1,79.92,2022-05-27
전라남도,담양군,대전면,서부 마을회관,전라남도 대전면 대치1리 1306,36.63,2022-05-27
전라남도,담양군,대전면,원촌 마을회관,전라남도 대전면 대치6리 381-1,168.2,2022-05-27
전라남도,담양군,대전면,대조 마을회관,전라남도 대전면 대치7리 1041-11,97.36,2022-05-27
전라남도,담양군,대전면,화암 마을회관,전라남도 대전면 평장2리 268,77.76,2022-05-27
전라남도,담양군,대전면,청룡 마을회관,전라남도 대전면 서옥2리 828-1,72.48,2022-05-27
전라남도,담양군,대전면,중옥 마을회관,전라남도 대전면 중옥리 421,86.6,2022-05-27
전라남도,담양군,대전면,신룡 마을회관,전라남도 대전면 응용1리 284,123.88,2022-05-27
전라남도,담양군,대전면,응기 마을회관,전라남도 대전면 응용2리 262-1,101.16,2022-05-27
전라남도,담양군,대전면,태암 마을회관,전라남도 대전면 태목1리 248,138.3,2022-05-27
전라남도,담양군,대전면,시목 마을회관,전라남도 대전면 태목2리 367-29,91.35,2022-05-27
전라남도,담양군,대전면,강의 마을회관,전라남도 대전면 강의리 300-1,328.75,2022-05-27
전라남도,담양군,대전면,월인 마을회관,전라남도 대전면 월본1리 635,172.93,2022-05-27
전라남도,담양군,대전면,갈전 마을회관,전라남도 대전면 월본2리 727,226.99,2022-05-27
전라남도,담양군,대전면,병풍 마을회관,전라남도 대전면 병풍리 320-1,59.76,2022-05-27
전라남도,담양군,대전면,행정 마을회관,전라남도 대전면 행성리 231-1,239.1,2022-05-27
전라남도,담양군,대전면,덕진 마을회관,전라남도 대전면 행성2리 32-12,298.2,2022-05-27
전라남도,담양군,대전면,옥산 마을회관,전라남도 대전면 행성3리 496,79.61,2022-05-27
전라남도,담양군,대전면,성산 마을회관,전라남도 대전면 성산리 173-4,130.16,2022-05-27
전라남도,담양군,대전면,사성 마을회관 ,전라남도 대전면 갑향1리 565-1,84,2022-05-27
전라남도,담양군,대전면,계곡 마을회관 ,전라남도 대전면 갑향2리 225-1,162.76,2022-05-27
