연번,경로당 명칭,관리기관,소재지,관리기관전화번호,데이터기준일자
1,무안읍분회(노성원),무안군,전라남도 무안군  무안읍 면성2길 37-4,061-450-5524,2021-08-06
2,무안여자,무안군,전라남도 무안군  무안읍 면성2길37-4,061-450-5524,2021-08-06
3,서문안,무안군,전라남도 무안군  무안읍 성내1길31,061-450-5524,2021-08-06
4,성내2리,무안군,전라남도 무안군  무안읍 동문안길23,061-450-5524,2021-08-06
5,성내4리,무안군,전라남도 무안군  무안읍 공항로75-9무안성내휴먼시아,061-450-5524,2021-08-06
6,여트물 ,무안군,전라남도 무안군  무안읍 면성1길11,061-450-5524,2021-08-06
7,용산,무안군,전라남도 무안군  무안읍 무안용산길31,061-450-5524,2021-08-06
8,복용,무안군,전라남도 무안군  무안읍 무안로651,061-450-5524,2021-08-06
9,대사동,무안군,전라남도 무안군  무안읍 무안로 518,061-450-5524,2021-08-06
10,후청,무안군,전라남도 무안군  무안읍 성남2길38,061-450-5524,2021-08-06
11,만창,무안군,전라남도 무안군  무안읍 무안로407-6,061-450-5524,2021-08-06
12,만창부녀,무안군,전라남도 무안군  무안읍 무안로407-6,061-450-5524,2021-08-06
13,대곡,무안군,전라남도 무안군  무안읍 무안로304-8,061-450-5524,2021-08-06
14,하마동,무안군,전라남도 무안군  무안읍 성남2길9,061-450-5524,2021-08-06
15,와동,무안군,전라남도 무안군  무안읍 면성1길136-12,061-450-5524,2021-08-06
16,서라,무안군,전라남도 무안군  무안읍 면성1길146 서라아파트,061-450-5524,2021-08-06
17,경신동,무안군,전라남도 무안군  무안읍 경신길9,061-450-5524,2021-08-06
18,송림,무안군,전라남도 무안군  무안읍 무안중앙로88,061-450-5524,2021-08-06
19,교촌3리,무안군,전라남도 무안군  무안읍 승달로63-2,061-450-5524,2021-08-06
20,중사지,무안군,전라남도 무안군  무안읍 교촌길89-3,061-450-5524,2021-08-06
21,상봉,무안군,전라남도 무안군  무안읍 상봉길 103,061-450-5524,2021-08-06
22,상사지,무안군,전라남도 무안군  무안읍 교촌길120,061-450-5524,2021-08-06
23,금광,무안군,전라남도 무안군  무안읍 승달로12금광아파트,061-450-5524,2021-08-06
24,삼신파크빌아파트,무안군,전라남도 무안군  무안읍 불무로 40-11 삼신파크빌아파트,061-450-5524,2021-08-06
25,교촌9리,무안군,전라남도 무안군  무안읍 창포로16광명샤인빌아파트,061-450-5524,2021-08-06
26,노동,무안군,전라남도 무안군  무안읍 면주길59,061-450-5524,2021-08-06
27,용연,무안군,전라남도 무안군  무안읍 상동길9-2,061-450-5524,2021-08-06
28,평월 ,무안군,전라남도 무안군  무안읍 평월길 75,061-450-5524,2021-08-06
29,본고절,무안군,전라남도 무안군  무안읍 고절길51,061-450-5524,2021-08-06
30,상고절,무안군,전라남도 무안군  무안읍 상고절길21,061-450-5524,2021-08-06
31,평촌,무안군,전라남도 무안군  무안읍 평촌길31,061-450-5524,2021-08-06
32,고절3리,무안군,전라남도 무안군  무안읍 오리정길18,061-450-5524,2021-08-06
33,신촌,무안군,전라남도 무안군  무안읍 보평로280-7,061-450-5524,2021-08-06
34,도산,무안군,전라남도 무안군  무안읍 무안도산길13,061-450-5524,2021-08-06
35,수양,무안군,전라남도 무안군  무안읍 수양길106,061-450-5524,2021-08-06
36,수반여자,무안군,전라남도 무안군  무안읍 수양길106,061-450-5524,2021-08-06
37,양림,무안군,전라남도 무안군  무안읍 수양길51-1,061-450-5524,2021-08-06
38,성암 ,무안군,전라남도 무안군  무안읍 성암길16,061-450-5524,2021-08-06
39,용연동,무안군,전라남도 무안군  무안읍 용연길65,061-450-5524,2021-08-06
40,평용,무안군,전라남도 무안군  무안읍 평용길109,061-450-5524,2021-08-06
41,병곡,무안군,전라남도 무안군  무안읍 병곡길19,061-450-5524,2021-08-06
42,학동,무안군,전라남도 무안군  무안읍 황토길541-15,061-450-5524,2021-08-06
43,일로분회,무안군,전라남도 무안군  일로읍 일로로58-1,061-450-5524,2021-08-06
44,주룡,무안군,전라남도 무안군  일로읍 청포로 543-5,061-450-5524,2021-08-06
45,청호2리 ,무안군,전라남도 무안군  일로읍 청포로 461,061-450-5524,2021-08-06
46,우비,무안군,전라남도 무안군  일로읍 상사바위길 255,061-450-5524,2021-08-06
47,망월동,무안군,전라남도 무안군  일로읍 망월길 54,061-450-5524,2021-08-06
48,망해동,무안군,전라남도 무안군  일로읍 망월길 45-50,061-450-5524,2021-08-06
49,늘푸른,무안군,전라남도 무안군  일로읍 선비길8,061-450-5524,2021-08-06
50,비로촌,무안군,전라남도 무안군  일로읍 비로길153-55,061-450-5524,2021-08-06
51,죽산,무안군,전라남도 무안군  일로읍 죽산길 16,061-450-5524,2021-08-06
52,양지촌,무안군,전라남도 무안군  일로읍 양지길40,061-450-5524,2021-08-06
53,당월촌,무안군,전라남도 무안군  일로읍 영친길164,061-450-5524,2021-08-06
54,도장포,무안군,전라남도 무안군  일로읍 청포로39,061-450-5524,2021-08-06
55,영화정,무안군,전라남도 무안군  일로읍 영화길1,061-450-5524,2021-08-06
56,삼천동,무안군,전라남도 무안군  일로읍 삼천길15,061-450-5524,2021-08-06
57,구정,무안군,전라남도 무안군  일로읍 구정길194,061-450-5524,2021-08-06
58,탄동,무안군,전라남도 무안군  일로읍 구정길293-5,061-450-5524,2021-08-06
59,두무동,무안군,전라남도 무안군  일로읍 구정길 376-2,061-450-5524,2021-08-06
60,인의산 ,무안군,전라남도 무안군  일로읍 인의로120,061-450-5524,2021-08-06
61,산두,무안군,전라남도 무안군  일로읍 산두길39,061-450-5524,2021-08-06
62,의산,무안군,전라남도 무안군  일로읍 돈도리길35,061-450-5524,2021-08-06
63,돈도리여자,무안군,전라남도 무안군  일로읍 돈도리길35,061-450-5524,2021-08-06
64,무룡,무안군,전라남도 무안군  일로읍 무룡길10,061-450-5524,2021-08-06
65,내동,무안군,전라남도 무안군  일로읍 인의로 175,061-450-5524,2021-08-06
66,소지,무안군,전라남도 무안군  일로읍 일로로191-8,061-450-5524,2021-08-06
67,월암,무안군,전라남도 무안군  일로읍 일로신흥길5,061-450-5524,2021-08-06
68,황소안(여자),무안군,전라남도 무안군  일로읍 일로신흥길5,061-450-5524,2021-08-06
69,월암2리,무안군,전라남도 무안군  일로읍 시장길 11-22,061-450-5524,2021-08-06
70,덕산,무안군,전라남도 무안군  일로읍 일로연동길5,061-450-5524,2021-08-06
71,월암4리,무안군,전라남도 무안군  일로읍 월암길66,061-450-5524,2021-08-06
72,강남산,무안군,전라남도 무안군  일로읍 강남길 25,061-450-5524,2021-08-06
73,부흥정,무안군,전라남도 무안군  일로읍 부흥길9,061-450-5524,2021-08-06
74,다복동,무안군,전라남도 무안군  일로읍 월암길11,061-450-5524,2021-08-06
75,한마음,무안군,전라남도 무안군  일로읍 중앙동길14,061-450-5524,2021-08-06
76,연소,무안군,전라남도 무안군  일로읍 연소길20,061-450-5524,2021-08-06
77,읍동,무안군,전라남도 무안군  일로읍 일로로 53-5,061-450-5524,2021-08-06
78,인동,무안군,전라남도 무안군  일로읍 인동길 4-1,061-450-5524,2021-08-06
79,농장마을,무안군,전라남도 무안군  일로읍 일로농장길60-24,061-450-5524,2021-08-06
80,평정,무안군,전라남도 무안군  일로읍 백련로19,061-450-5524,2021-08-06
81,백호동,무안군,전라남도 무안군  일로읍 백호길41-2,061-450-5524,2021-08-06
82,연화동,무안군,전라남도 무안군  일로읍 백련로85-23,061-450-5524,2021-08-06
83,산정,무안군,전라남도 무안군  일로읍 삼산로50,061-450-5524,2021-08-06
84,방매,무안군,전라남도 무안군  일로읍 방매길15,061-450-5524,2021-08-06
85,도덕지,무안군,전라남도 무안군  일로읍 백련로249-3,061-450-5524,2021-08-06
86,신원목,무안군,전라남도 무안군  일로읍 산정길32,061-450-5524,2021-08-06
87,광암1리,무안군,전라남도 무안군  일로읍 광암길83,061-450-5524,2021-08-06
88,등림,무안군,전라남도 무안군  일로읍 등림길27,061-450-5524,2021-08-06
89,진사동,무안군,전라남도 무안군  일로읍 진사길20,061-450-5524,2021-08-06
90,상신1리,무안군,전라남도 무안군  일로읍 상신길12-9,061-450-5524,2021-08-06
91,환학동,무안군,전라남도 무안군  일로읍 환학길15,061-450-5524,2021-08-06
92,중촌,무안군,전라남도 무안군  일로읍 중촌길24,061-450-5524,2021-08-06
93,복룡촌,무안군,전라남도 무안군  일로읍 일로복룡길30-3,061-450-5524,2021-08-06
94,회산백련회,무안군,전라남도 무안군  일로읍 회룡길43,061-450-5524,2021-08-06
95,사교,무안군,전라남도 무안군  일로읍 사교길9-2,061-450-5524,2021-08-06
96,양두,무안군,전라남도 무안군  일로읍 백련로483,061-450-5524,2021-08-06
97,두레미,무안군,전라남도 무안군  일로읍 백련로355,061-450-5524,2021-08-06
98,용호동,무안군,전라남도 무안군  일로읍 회룡길109-9,061-450-5524,2021-08-06
99,대절,무안군,전라남도 무안군  일로읍 죽사동길226,061-450-5524,2021-08-06
100,삼호,무안군,전라남도 무안군  일로읍 삼호길14,061-450-5524,2021-08-06
101,송태,무안군,전라남도 무안군  일로읍 덕정길24-1,061-450-5524,2021-08-06
102,청금성,무안군,전라남도 무안군  일로읍 청금성길85,061-450-5524,2021-08-06
103,감돈,무안군,전라남도 무안군  일로읍 감돈길44-10,061-450-5524,2021-08-06
104,선돌,무안군,전라남도 무안군  일로읍 선돌길27,061-450-5524,2021-08-06
105,삼향분회,무안군,전라남도 무안군  삼향읍 신기길 19,061-450-5524,2021-08-06
106,신기,무안군,전라남도 무안군  삼향읍 신기길75,061-450-5524,2021-08-06
107,대안동,무안군,전라남도 무안군  삼향읍 대안길45,061-450-5524,2021-08-06
108,종월촌,무안군,전라남도 무안군  삼향읍 종월길41,061-450-5524,2021-08-06
109,상용,무안군,전라남도 무안군  삼향읍 상용길18,061-450-5524,2021-08-06
110,과동,무안군,전라남도 무안군  삼향읍 과동길 55-2,061-450-5524,2021-08-06
111,후정,무안군,전라남도 무안군  삼향읍 오룡동길152,061-450-5524,2021-08-06
112,용계,무안군,전라남도 무안군  삼향읍 오룡산로158-2,061-450-5524,2021-08-06
113,용포,무안군,전라남도 무안군  삼향읍 오룡산로 93,061-450-5524,2021-08-06
114,덕치,무안군,전라남도 무안군  삼향읍 삼향중앙로 410,061-450-5524,2021-08-06
115,이동,무안군,전라남도 무안군  삼향읍 이동길 21,061-450-5524,2021-08-06
116,계두,무안군,전라남도 무안군  삼향읍 계두길63,061-450-5524,2021-08-06
117,와동,무안군,전라남도 무안군  삼향읍 삼향중앙로342-20,061-450-5524,2021-08-06
118,극배,무안군,전라남도 무안군  삼향읍 극배길16-4,061-450-5524,2021-08-06
119,월계,무안군,전라남도 무안군  삼향읍 월계길52,061-450-5524,2021-08-06
120,"맥포,백학",무안군,전라남도 무안군  삼향읍 맥포길58-7,061-450-5524,2021-08-06
121,송산,무안군,전라남도 무안군  삼향읍 송죽길223,061-450-5524,2021-08-06
122,죽림,무안군,전라남도 무안군  삼향읍 송죽길 109,061-450-5524,2021-08-06
123,석교,무안군,전라남도 무안군  삼향읍 석교길1,061-450-5524,2021-08-06
124,원유교,무안군,전라남도 무안군  삼향읍 유교길43-23,061-450-5524,2021-08-06
125,관동,무안군,전라남도 무안군  삼향읍 유교길 52-51,061-450-5524,2021-08-06
126,원동,무안군,전라남도 무안군  삼향읍 으뜸길26,061-450-5524,2021-08-06
127,청룡,무안군,전라남도 무안군  삼향읍 삼향중앙로91-27,061-450-5524,2021-08-06
128,중등포,무안군,전라남도 무안군  삼향읍 중등포길 70-16,061-450-5524,2021-08-06
129,군산동,무안군,전라남도 무안군  삼향읍 유교길169,061-450-5524,2021-08-06
130,평산,무안군,전라남도 무안군  삼향읍 평산길14,061-450-5524,2021-08-06
131,왕산,무안군,전라남도 무안군  삼향읍 왕산길 98,061-450-5524,2021-08-06
132,금동,무안군,전라남도 무안군  삼향읍 금동길7,061-450-5524,2021-08-06
133,마갈,무안군,전라남도 무안군  삼향읍 왕산로 304-29,061-450-5524,2021-08-06
134,마동,무안군,전라남도 무안군  삼향읍 마동길48,061-450-5524,2021-08-06
135,동뫼,무안군,전라남도 무안군  삼향읍 석매길 59,061-450-5524,2021-08-06
136,덕산,무안군,전라남도 무안군  삼향읍 덕산길 22,061-450-5524,2021-08-06
137,복룡,무안군,전라남도 무안군  삼향읍 복룡길36,061-450-5524,2021-08-06
138,지산,무안군,전라남도 무안군  삼향읍 원지산길34,061-450-5524,2021-08-06
139,곽단,무안군,전라남도 무안군  삼향읍 곽단길59,061-450-5524,2021-08-06
140,월호,무안군,전라남도 무안군  삼향읍 지산길100,061-450-5524,2021-08-06
141,노재동,무안군,전라남도 무안군  삼향읍 진등길4-1,061-450-5524,2021-08-06
142,장곡,무안군,전라남도 무안군  삼향읍 수련길 397,061-450-5524,2021-08-06
143,안동,무안군,전라남도 무안군  삼향읍 오룡동길43,061-450-5524,2021-08-06
144,오룡동,무안군,전라남도 무안군  삼향읍 남악4로60번길14,061-450-5524,2021-08-06
145,회룡,무안군,전라남도 무안군  삼향읍 남악2로 74번길 42,061-450-5524,2021-08-06
146,남악신도시아이파크,무안군,전라남도 무안군  삼향읍 남악2로74번길14,061-450-5524,2021-08-06
147,남악신동아파밀리에,무안군,전라남도 무안군  삼향읍 남악영산길39,061-450-5524,2021-08-06
148,연꽃마을효행정,무안군,전라남도 무안군  삼향읍 남악5로22번길60,061-450-5524,2021-08-06
149,오룡마을휴먼시아,무안군,전라남도 무안군  삼향읍 남악2로74번길13,061-450-5524,2021-08-06
150,무안남악3휴먼시아,무안군,전라남도 무안군  삼향읍 남악4로34번길7,061-450-5524,2021-08-06
151,부영애시앙,무안군,전라남도 무안군  삼향읍 남악72번길7,061-450-5524,2021-08-06
152,근화베아채,무안군,전라남도 무안군  삼향읍 남악4로82번길31,061-450-5524,2021-08-06
153,스위트멘토회,무안군,전라남도 무안군  삼향읍 남악5로 22번길 20,061-450-5524,2021-08-06
154,세영리첼,무안군,전라남도 무안군  삼향읍 남악4로 34번길 31,061-450-5524,2021-08-06
155,남악골드디움,무안군,전라남도 무안군  삼향읍 남악5로 72번길 81-21,061-450-5524,2021-08-06
156,비올레,무안군,전라남도 무안군  삼향읍 남악5로 22번길 10,061-450-5524,2021-08-06
157,몽탄분회,무안군,전라남도 무안군  몽탄면  몽탄로858-8,061-450-5524,2021-08-06
158,죽전,무안군,전라남도 무안군  몽탄면 죽전길 1,061-450-5524,2021-08-06
159,달산2,무안군,전라남도 무안군  몽탄면  법천길271,061-450-5524,2021-08-06
160,노송정,무안군,전라남도 무안군  몽탄면  노송2길4,061-450-5524,2021-08-06
161,중흥동,무안군,전라남도 무안군  몽탄면  양장길140,061-450-5524,2021-08-06
162,도림산,무안군,전라남도 무안군  몽탄면  도림산길2,061-450-5524,2021-08-06
163,월산,무안군,전라남도 무안군  몽탄면  양장길285,061-450-5524,2021-08-06
164,양지촌,무안군,전라남도 무안군  몽탄면  양지촌길3-2,061-450-5524,2021-08-06
165,회룡정,무안군,전라남도 무안군  몽탄면 몽탄로 1243,061-450-5524,2021-08-06
166,사옥동,무안군,전라남도 무안군  몽탄면 사옥길 101,061-450-5524,2021-08-06
167,학전동,무안군,전라남도 무안군  몽탄면  학전길55,061-450-5524,2021-08-06
168,갈산,무안군,전라남도 무안군  몽탄면  갈산안길86-3,061-450-5524,2021-08-06
169,당호2리,무안군,전라남도 무안군  몽탄면  갈산안길15,061-450-5524,2021-08-06
170,신흥동,무안군,전라남도 무안군  몽탄면 신흥동길85-6,061-450-5524,2021-08-06
171,명산1 ,무안군,전라남도 무안군  몽탄면  몽탄로1517-3,061-450-5524,2021-08-06
172,명산2,무안군,전라남도 무안군  몽탄면 도산길 38-7,061-450-5524,2021-08-06
173,상몽탄,무안군,전라남도 무안군  몽탄면  호반로359,061-450-5524,2021-08-06
174,언동,무안군,전라남도 무안군  몽탄면  언동길43,061-450-5524,2021-08-06
175,박실,무안군,전라남도 무안군  몽탄면  약곡길100,061-450-5524,2021-08-06
176,약실,무안군,전라남도 무안군  몽탄면  약곡길144,061-450-5524,2021-08-06
177,귀학,무안군,전라남도 무안군  몽탄면 귀학길52-3,061-450-5524,2021-08-06
178,만복동,무안군,전라남도 무안군  몽탄면 몽탄로 864-6,061-450-5524,2021-08-06
179,사내,무안군,전라남도 무안군  몽탄면  월천길24,061-450-5524,2021-08-06
180,봉서동,무안군,전라남도 무안군  몽탄면  사내길14,061-450-5524,2021-08-06
181,구산1 ,무안군,전라남도 무안군  몽탄면  몽탄로825-6,061-450-5524,2021-08-06
182,구산2리 ,무안군,전라남도 무안군  몽탄면  원구산길69,061-450-5524,2021-08-06
183,호동,무안군,전라남도 무안군  몽탄면  호동길58,061-450-5524,2021-08-06
184,배뫼,무안군,전라남도 무안군  몽탄면 배뫼길 63,061-450-5524,2021-08-06
185,늘어지,무안군,전라남도 무안군  몽탄면  호반로741-2,061-450-5524,2021-08-06
186,남천,무안군,전라남도 무안군  몽탄면 남천안길 26-4,061-450-5524,2021-08-06
187,화산,무안군,전라남도 무안군  몽탄면  화산길 54,061-450-5524,2021-08-06
188,양마,무안군,전라남도 무안군  몽탄면  양마길 24 ,061-450-5524,2021-08-06
189,한재,무안군,전라남도 무안군  몽탄면  한재길12,061-450-5524,2021-08-06
190,총지,무안군,전라남도 무안군  몽탄면  대치로355,061-450-5524,2021-08-06
191,봉암,무안군,전라남도 무안군  몽탄면  봉암길6,061-450-5524,2021-08-06
192,학산,무안군,전라남도 무안군  몽탄면  학사길 38-2,061-450-5524,2021-08-06
193,후동,무안군,전라남도 무안군  몽탄면  학사길 110,061-450-5524,2021-08-06
194,인평,무안군,전라남도 무안군  몽탄면  인평길28,061-450-5524,2021-08-06
195,차뫼,무안군,전라남도 무안군  몽탄면  차뫼길28,061-450-5524,2021-08-06
196,사창,무안군,전라남도 무안군  몽탄면  우명길97-6,061-450-5524,2021-08-06
197,저두,무안군,전라남도 무안군  몽탄면  학사길286,061-450-5524,2021-08-06
198,덕암,무안군,전라남도 무안군  몽탄면 덕암길 93,061-450-5524,2021-08-06
199,초당산,무안군,전라남도 무안군  몽탄면  초당길11,061-450-5524,2021-08-06
200,사동,무안군,전라남도 무안군  몽탄면  사동길52,061-450-5524,2021-08-06
201,기동,무안군,전라남도 무안군  몽탄면  봉산길83,061-450-5524,2021-08-06
202,옥반동,무안군,전라남도 무안군  몽탄면 옥반길 11,061-450-5524,2021-08-06
203,기룡동,무안군,전라남도 무안군  몽탄면  기룡동길23,061-450-5524,2021-08-06
204,청계분회,무안군,전라남도 무안군  청계면 연곡길 8,061-450-5524,2021-08-06
205,월선1리,무안군,전라남도 무안군  청계면 월선길 177-3,061-450-5524,2021-08-06
206,월선2리,무안군,전라남도 무안군  청계면 월선길47,061-450-5524,2021-08-06
207,석대정,무안군,전라남도 무안군  청계면 월선길1-1,061-450-5524,2021-08-06
208,청계1,무안군,전라남도 무안군  청계면 행림길1,061-450-5524,2021-08-06
209,청계2리,무안군,전라남도 무안군  청계면 구암길13-3,061-450-5524,2021-08-06
210,장부교,무안군,전라남도 무안군  청계면 독골길8,061-450-5524,2021-08-06
211,학유정,무안군,전라남도 무안군  청계면 학유정길45,061-450-5524,2021-08-06
212,도림2리,무안군,전라남도 무안군  청계면 청계중앙길 22-4,061-450-5524,2021-08-06
213,백년동,무안군,전라남도 무안군  청계면 백련동2길37-10,061-450-5524,2021-08-06
214,도림6리,무안군,전라남도 무안군  청계면 도림길63-30,061-450-5524,2021-08-06
215,남성동,무안군,전라남도 무안군  청계면 청계중앙길93,061-450-5524,2021-08-06
216,망산,무안군,전라남도 무안군  청계면 해안로 208,061-450-5524,2021-08-06
217,복길1리,무안군,전라남도 무안군  청계면 복길1길 16,061-450-5524,2021-08-06
218,복길2리,무안군,전라남도 무안군  청계면 복길로 117,061-450-5524,2021-08-06
219,구로,무안군,전라남도 무안군  청계면 구로안길10,061-450-5524,2021-08-06
220,관동,무안군,전라남도 무안군  청계면 관동길10,061-450-5524,2021-08-06
221,상마정,무안군,전라남도 무안군  청계면 상마길36,061-450-5524,2021-08-06
222,용마,무안군,전라남도 무안군  청계면 하마정길 27,061-450-5524,2021-08-06
223,평림,무안군,전라남도 무안군  청계면 영산로1869,061-450-5524,2021-08-06
224,복룡,무안군,전라남도 무안군  청계면 용수길 1,061-450-5524,2021-08-06
225,대곡,무안군,전라남도 무안군  청계면 송복길 193,061-450-5524,2021-08-06
226,원강정,무안군,전라남도 무안군  청계면 해안로 658,061-450-5524,2021-08-06
227,태천,무안군,전라남도 무안군  청계면 태천길40-1,061-450-5524,2021-08-06
228,도대,무안군,전라남도 무안군  청계면  도대로 566,061-450-5524,2021-08-06
229,서호정,무안군,전라남도 무안군  청계면 서호정길2,061-450-5524,2021-08-06
230,서호2리,무안군,전라남도 무안군  청계면 청계신기길27,061-450-5524,2021-08-06
231,기동,무안군,전라남도 무안군  청계면 기동길22-3,061-450-5524,2021-08-06
232,서호4리,무안군,전라남도 무안군  청계면 연수동길 60,061-450-5524,2021-08-06
233,솔치,무안군,전라남도 무안군  청계면 솔치길 85-1,061-450-5524,2021-08-06
234,대성동,무안군,전라남도 무안군  청계면 영산로1958-3,061-450-5524,2021-08-06
235,작연,무안군,전라남도 무안군  청계면 남청길 47-1,061-450-5524,2021-08-06
236,태봉,무안군,전라남도 무안군  청계면 태봉안길 2,061-450-5524,2021-08-06
237,남안1 ,무안군,전라남도 무안군  청계면 동암길87,061-450-5524,2021-08-06
238,남안2리,무안군,전라남도 무안군  청계면 남청길 185,061-450-5524,2021-08-06
239,화설당,무안군,전라남도 무안군  청계면 화설당길 12,061-450-5524,2021-08-06
240,사마동,무안군,전라남도 무안군  청계면 사마길63,061-450-5524,2021-08-06
241,청천,무안군,전라남도 무안군  청계면 청천길39-21,061-450-5524,2021-08-06
242,청천2리,무안군,전라남도 무안군  청계면 청천앞길 50,061-450-5524,2021-08-06
243,현경분회(중앙),무안군,전라남도 무안군  현경면 운해로1604-4,061-450-5524,2021-08-06
244,모촌남자,무안군,전라남도 무안군  현경면 모촌동길 103,061-450-5524,2021-08-06
245,모촌여자,무안군,전라남도 무안군  현경면 모촌길 121-3,061-450-5524,2021-08-06
246,양학동,무안군,전라남도 무안군  현경면 양학길206-11,061-450-5524,2021-08-06
247,신리,무안군,전라남도 무안군  현경면 동산길68,061-450-5524,2021-08-06
248,원동산,무안군,전라남도 무안군  현경면 동산길105,061-450-5524,2021-08-06
249,애북,무안군,전라남도 무안군  현경면 애북길1-1,061-450-5524,2021-08-06
250,당두,무안군,전라남도 무안군  현경면 당두길 19,061-450-5524,2021-08-06
251,수양동,무안군,전라남도 무안군  현경면 수양동길120-43,061-450-5524,2021-08-06
252,평산,무안군,전라남도 무안군  현경면 원평산길65,061-450-5524,2021-08-06
253,평림,무안군,전라남도 무안군  현경면 현경 평림길40,061-450-5524,2021-08-06
254,통정,무안군,전라남도 무안군  현경면 통정길23-3,061-450-5524,2021-08-06
255,평산4리,무안군,전라남도 무안군  현경면 유수정길34-7,061-450-5524,2021-08-06
256,반룡,무안군,전라남도 무안군  현경면 외반길13-1,061-450-5524,2021-08-06
257,화촌,무안군,전라남도 무안군  현경면 화촌길27,061-450-5524,2021-08-06
258,조암,무안군,전라남도 무안군  현경면 조암길53,061-450-5524,2021-08-06
259,외반4리,무안군,전라남도 무안군  현경면 반룡길21,061-450-5524,2021-08-06
260,현화1리,무안군,전라남도 무안군  현경면 외현화길 18-6,061-450-5524,2021-08-06
261,청용,무안군,전라남도 무안군  현경면 현화로135,061-450-5524,2021-08-06
262,현화,무안군,전라남도 무안군  현경면 내현화길27-9,061-450-5524,2021-08-06
263,성자동,무안군,전라남도 무안군  현경면 성자동길81,061-450-5524,2021-08-06
264,절동,무안군,전라남도 무안군  현경면 절동길2-5,061-450-5524,2021-08-06
265,노두목,무안군,전라남도 무안군  현경면 장군로257-3,061-450-5524,2021-08-06
266,시목,무안군,전라남도 무안군  현경면 시목길10-1,061-450-5524,2021-08-06
267,해운동,무안군,전라남도 무안군  현경면 해운동길98,061-450-5524,2021-08-06
268,월명촌,무안군,전라남도 무안군  현경면 월명길6,061-450-5524,2021-08-06
269,후동,무안군,전라남도 무안군  현경면 해운로 248-2,061-450-5524,2021-08-06
270,현경,무안군,전라남도 무안군  현경면 하수장길30-28,061-450-5524,2021-08-06
271,송정2리,무안군,전라남도 무안군  현경면 현해로360,061-450-5524,2021-08-06
272,수양촌,무안군,전라남도 무안군  현경면 수양촌길70-20,061-450-5524,2021-08-06
273,석북,무안군,전라남도 무안군  현경면 석북길86,061-450-5524,2021-08-06
274,두동,무안군,전라남도 무안군  현경면 팔방길 200,061-450-5524,2021-08-06
275,새터,무안군,전라남도 무안군  현경면 현경신촌길24,061-450-5524,2021-08-06
276,용정,무안군,전라남도 무안군  현경면 봉월로183,061-450-5524,2021-08-06
277,월두,무안군,전라남도 무안군  현경면 봉월로399,061-450-5524,2021-08-06
278,성재,무안군,전라남도 무안군  현경면 성재길81,061-450-5524,2021-08-06
279,봉대,무안군,전라남도 무안군  현경면 봉월로9-1,061-450-5524,2021-08-06
280,오류1리,무안군,전라남도 무안군  현경면 오류길355-4,061-450-5524,2021-08-06
281,오류동여자,무안군,전라남도 무안군  현경면 오류길 340-3,061-450-5524,2021-08-06
282,어은동(오류2리),무안군,전라남도 무안군  현경면 오류길40-4,061-450-5524,2021-08-06
283,곡지,무안군,전라남도 무안군  현경면 오류길 160,061-450-5524,2021-08-06
284,신정,무안군,전라남도 무안군  현경면 신정길68-3,061-450-5524,2021-08-06
285,삽다리,무안군,전라남도 무안군  현경면 오류길14,061-450-5524,2021-08-06
286,마산,무안군,전라남도 무안군  현경면 마산길122-6,061-450-5524,2021-08-06
287,마산여자,무안군,전라남도 무안군  현경면 마산길122-4,061-450-5524,2021-08-06
288,신기,무안군,전라남도 무안군  현경면 마산길252,061-450-5524,2021-08-06
289,가입,무안군,전라남도 무안군  현경면 가입안길43-1,061-450-5524,2021-08-06
290,너물,무안군,전라남도 무안군  현경면 가입길155,061-450-5524,2021-08-06
291,망운분회,무안군,전라남도 무안군  망운면 압창길11,061-450-5524,2021-08-06
292,목동,무안군,전라남도 무안군  망운면 목동1길12,061-450-5524,2021-08-06
293,압창,무안군,전라남도 무안군  망운면 압창길80-20,061-450-5524,2021-08-06
294,하주교,무안군,전라남도 무안군  망운면 동목장길15-1,061-450-5524,2021-08-06
295,상주교,무안군,전라남도 무안군  망운면 신촌길22,061-450-5524,2021-08-06
296,해동,무안군,전라남도 무안군  망운면 망운로124-51,061-450-5524,2021-08-06
297,목남,무안군,전라남도 무안군  망운면 압창길5-1,061-450-5524,2021-08-06
298,내덕,무안군,전라남도 무안군  망운면 내덕길14,061-450-5524,2021-08-06
299,대곡,무안군,전라남도 무안군  망운면 서목장길52-1,061-450-5524,2021-08-06
300,외덕,무안군,전라남도 무안군  망운면 외덕길11-3,061-450-5524,2021-08-06
301,외덕여자,무안군,전라남도 무안군  망운면 외덕길11-3,061-450-5524,2021-08-06
302,목북,무안군,전라남도 무안군  망운면 망운로7-22,061-450-5524,2021-08-06
303,장재,무안군,전라남도 무안군  망운면 장재길45,061-450-5524,2021-08-06
304,용교,무안군,전라남도 무안군  망운면 용교길16-1,061-450-5524,2021-08-06
305,조산,무안군,전라남도 무안군  망운면 조산길79-1,061-450-5524,2021-08-06
306,정착,무안군,전라남도 무안군  망운면 정착길16,061-450-5524,2021-08-06
307,두모 ,무안군,전라남도 무안군  망운면 두모길15,061-450-5524,2021-08-06
308,용동,무안군,전라남도 무안군  망운면 운해로1086-3,061-450-5524,2021-08-06
309,송현,무안군,전라남도 무안군  망운면 송현길40,061-450-5524,2021-08-06
310,성동,무안군,전라남도 무안군  망운면 서은길43,061-450-5524,2021-08-06
311,탄도,무안군,전라남도 무안군  망운면 탄도길3,061-450-5524,2021-08-06
312,해제분회,무안군,전라남도 무안군  해제면 현해로 1669,061-450-5524,2021-08-06
313,해제부녀,무안군,전라남도 무안군  해제면 현해로 1669,061-450-5524,2021-08-06
314,오류,무안군,전라남도 무안군  해제면 해제오류길12,061-450-5524,2021-08-06
315,용산,무안군,전라남도 무안군  해제면 용산길110,061-450-5524,2021-08-06
316,물암,무안군,전라남도 무안군  해제면 현해로 1230-3,061-450-5524,2021-08-06
317,언창,무안군,전라남도 무안군  해제면 현해로1442-45,061-450-5524,2021-08-06
318,월암,무안군,전라남도 무안군  해제면 현해로 1367-21,061-450-5524,2021-08-06
319,유투,무안군,전라남도 무안군  해제면 만송로13-11,061-450-5524,2021-08-06
320,도성,무안군,전라남도 무안군  해제면 도성길29,061-450-5524,2021-08-06
321,장성,무안군,전라남도 무안군  해제면 해제장성길101-5,061-450-5524,2021-08-06
322,이방,무안군,전라남도 무안군  해제면 베나무길105,061-450-5524,2021-08-06
323,기룡,무안군,전라남도 무안군  해제면 기룡길34-2,061-450-5524,2021-08-06
324,신만,무안군,전라남도 무안군  해제면 신만길40,061-450-5524,2021-08-06
325,진목,무안군,전라남도 무안군  해제면 진목길8-3,061-450-5524,2021-08-06
326,신풍,무안군,전라남도 무안군  해제면 신풍길10,061-450-5524,2021-08-06
327,노문,무안군,전라남도 무안군  해제면 노문래길17-10,061-450-5524,2021-08-06
328,심양,무안군,전라남도 무안군  해제면 만송로1289-14,061-450-5524,2021-08-06
329,송계,무안군,전라남도 무안군  해제면 만송로 975,061-450-5524,2021-08-06
330,입석,무안군,전라남도 무안군  해제면 입석2길 2,061-450-5524,2021-08-06
331,매곡,무안군,전라남도 무안군  해제면 매곡내분길60,061-450-5524,2021-08-06
332,외분,무안군,전라남도 무안군  해제면 양매길67-2,061-450-5524,2021-08-06
333,토치,무안군,전라남도 무안군  해제면 토치길 69,061-450-5524,2021-08-06
334,양간1리,무안군,전라남도 무안군  해제면 양간로110,061-450-5524,2021-08-06
335,양간2리,무안군,전라남도 무안군  해제면 봉대로36-18,061-450-5524,2021-08-06
336,응양,무안군,전라남도 무안군  해제면 응양길3,061-450-5524,2021-08-06
337,신흥,무안군,전라남도 무안군  해제면 해제신흥길 8,061-450-5524,2021-08-06
338,고읍,무안군,전라남도 무안군  해제면 고읍길37,061-450-5524,2021-08-06
339,신간,무안군,전라남도 무안군  해제면 양간천길17,061-450-5524,2021-08-06
340,은빛,무안군,전라남도 무안군  해제면 봉대로37-6,061-450-5524,2021-08-06
341,양간4리,무안군,전라남도 무안군  해제면 현해로1717-7,061-450-5524,2021-08-06
342,슬산,무안군,전라남도 무안군  해제면 슬산길 51-11,061-450-5524,2021-08-06
343,내분,무안군,전라남도 무안군  해제면 매곡내분길 96-4,061-450-5524,2021-08-06
344,사야,무안군,전라남도 무안군  해제면 사야길 60,061-450-5524,2021-08-06
345,신사,무안군,전라남도 무안군  해제면 신사1길2,061-450-5524,2021-08-06
346,백학,무안군,전라남도 무안군  해제면 백학길 126,061-450-5524,2021-08-06
347,학암,무안군,전라남도 무안군  해제면 학암길 5,061-450-5524,2021-08-06
348,송전,무안군,전라남도 무안군  해제면 송전길17,061-450-5524,2021-08-06
349,석산,무안군,전라남도 무안군  해제면 동학길 79,061-450-5524,2021-08-06
350,용흥,무안군,전라남도 무안군  해제면 봉대로558,061-450-5524,2021-08-06
351,감정,무안군,전라남도 무안군  해제면 감정길4,061-450-5524,2021-08-06
352,수포,무안군,전라남도 무안군  해제면 봉대로 714,061-450-5524,2021-08-06
353,임치,무안군,전라남도 무안군  해제면 임치길 72-4,061-450-5524,2021-08-06
354,발산,무안군,전라남도 무안군  해제면 발산길28-1,061-450-5524,2021-08-06
355,광천 ,무안군,전라남도 무안군  해제면 광천길36,061-450-5524,2021-08-06
356,대천,무안군,전라남도 무안군  해제면 큰샘길27,061-450-5524,2021-08-06
357,신등,무안군,전라남도 무안군  해제면 신등길 67,061-450-5524,2021-08-06
358,남부,무안군,전라남도 무안군  해제면 현해로 2110,061-450-5524,2021-08-06
359,구등,무안군,전라남도 무안군  해제면 구등길43-6,061-450-5524,2021-08-06
360,강산,무안군,전라남도 무안군  해제면 산길로 188,061-450-5524,2021-08-06
361,장동,무안군,전라남도 무안군  해제면 창매로121,061-450-5524,2021-08-06
362,보천,무안군,전라남도 무안군  해제면 보천길 92,061-450-5524,2021-08-06
363,백동,무안군,전라남도 무안군  해제면 백동길77,061-450-5524,2021-08-06
364,돌기,무안군,전라남도 무안군  해제면 창매로21,061-450-5524,2021-08-06
365,창산,무안군,전라남도 무안군  해제면 창산길23,061-450-5524,2021-08-06
366,매당,무안군,전라남도 무안군  해제면 창매로425,061-450-5524,2021-08-06
367,매안,무안군,전라남도 무안군  해제면 매안2길 3,061-450-5524,2021-08-06
368,명양,무안군,전라남도 무안군  해제면 명양길 61,061-450-5524,2021-08-06
369,신월,무안군,전라남도 무안군  해제면 장강길80,061-450-5524,2021-08-06
370,운남분회,무안군,전라남도 무안군  운남면 운해로568-19,061-450-5524,2021-08-06
371,운남여자,무안군,전라남도 무안군  운남면 운해로568-16,061-450-5524,2021-08-06
372,두곡,무안군,전라남도 무안군  운남면 두곡길69,061-450-5524,2021-08-06
373,둔전,무안군,전라남도 무안군  운남면 와루로50,061-450-5524,2021-08-06
374,팔학,무안군,전라남도 무안군  운남면 운해로670-18,061-450-5524,2021-08-06
375,원하묘,무안군,전라남도 무안군  운남면 하묘길67-1,061-450-5524,2021-08-06
376,신촌,무안군,전라남도 무안군  운남면 운남신촌길119-6,061-450-5524,2021-08-06
377,원동암,무안군,전라남도 무안군  운남면 원동암길95,061-450-5524,2021-08-06
378,신기,무안군,전라남도 무안군  운남면 운남새터길58-24,061-450-5524,2021-08-06
379,죽산,무안군,전라남도 무안군  운남면 양금로361-16,061-450-5524,2021-08-06
380,영해,무안군,전라남도 무안군  운남면 영해촌길34-8,061-450-5524,2021-08-06
381,용동,무안군,전라남도 무안군  운남면 영해로598,061-450-5524,2021-08-06
382,운남동,무안군,전라남도 무안군  운남면 운해로568-7,061-450-5524,2021-08-06
383,저동,무안군,전라남도 무안군  운남면 저동길 64,061-450-5524,2021-08-06
384,양곡,무안군,전라남도 무안군  운남면 양곡길22,061-450-5524,2021-08-06
385,연동,무안군,전라남도 무안군  운남면 연동길27,061-450-5524,2021-08-06
386,내화,무안군,전라남도 무안군  운남면 내화길26-5,061-450-5524,2021-08-06
387,자작,무안군,전라남도 무안군  운남면 까치길27,061-450-5524,2021-08-06
388,내동,무안군,전라남도 무안군  운남면 내동길 59,061-450-5524,2021-08-06
389,원동,무안군,전라남도 무안군  운남면 원동길76,061-450-5524,2021-08-06
390,월악,무안군,전라남도 무안군  운남면 월악길138,061-450-5524,2021-08-06
391,신월,무안군,전라남도 무안군  운남면 새달길40,061-450-5524,2021-08-06
392,신흥,무안군,전라남도 무안군  운남면 신흥길 42,061-450-5524,2021-08-06
393,남촌,무안군,전라남도 무안군  운남면 땅앞로190,061-450-5524,2021-08-06
394,항장,무안군,전라남도 무안군  운남면 항장길22,061-450-5524,2021-08-06
395,대박,무안군,전라남도 무안군  운남면 대박길4,061-450-5524,2021-08-06
396,도원,무안군,전라남도 무안군  운남면 도원길55,061-450-5524,2021-08-06
397,학례,무안군,전라남도 무안군  운남면 운해로194,061-450-5524,2021-08-06
398,원성내,무안군,전라남도 무안군  운남면 이기촌길24,061-450-5524,2021-08-06
399,농장,무안군,전라남도 무안군  운남면 농장길50,061-450-5524,2021-08-06
400,장군,무안군,전라남도 무안군  현경면 장군로688,061-450-5524,2021-08-06
401,남악모아엘가아파트경로당,무안군,전라남도 무안군  삼향읍 남악4로34번길8,061-450-5524,2021-08-06
402,청계면월암,무안군,전라남도 무안군  청계면 도림길 33-13,061-450-5524,2021-08-06
403,더트리폴리앙,무안군,전라남도 무안군  삼향읍 남악3로71번길,061-450-5524,2021-08-06
404,문화촌,무안군,전라남도 무안군  청계면 백련동1길 5,061-450-5524,2021-08-06
405,해아마을,무안군,"전라남도 무안군  무안읍 하마로 31, 아뜨리움@",061-450-5524,2021-08-06
406,상천,무안군,전라남도 무안군  청계면 상천길 44-44,061-450-5524,2021-08-06
407,삼봉,무안군,전라남도 무안군  해제면 만송로 1030-61,061-450-5524,2021-08-06
408,구산,무안군,전라남도 무안군  현경면 구산길 10,061-450-5524,2021-08-06
409,발산,무안군,전라남도 무안군  무안읍 무안발산길 27,061-450-5524,2021-08-06
410,센트레빌,무안군,"전라남도 무안군  삼향읍 남악로250번길 60, 남악센트레빌리버파크",061-450-5524,2021-08-06
411,오룡푸르지오1차,무안군,전라남도 무안군  일로읍 오룡중앙로 37,061-450-5524,2021-08-06
