순번,시도명,시군구명,읍면동,마을회관명,소재지도로명주소,소재지지번주소
1,전라남도,해남군,계곡면,가학 마을회관,전라남도 해남군 계곡면 가학길 35,전라남도 해남군 계곡면 가학리 95
2,전라남도,해남군,계곡면,강절 마을회관,전라남도 해남군 계곡면 사촌길 103,전라남도 해남군 계곡면 강절리 379-2
3,전라남도,해남군,계곡면,당산 마을회관,전라남도 해남군 계곡면 당산길 30,전라남도 해남군 계곡면 당산리 355-1
4,전라남도,해남군,계곡면,신기 마을회관,전라남도 해남군 계곡면 신기리길 31,전라남도 해남군 계곡면 당산리 621-1
5,전라남도,해남군,계곡면,태인 마을회관,전라남도 해남군 계곡면 태인길 6,전라남도 해남군 계곡면 당산리 824
6,전라남도,해남군,계곡면,둔주 마을회관,전라남도 해남군 계곡면 둔주포안길 41,전라남도 해남군 계곡면 덕정리 11-3
7,전라남도,해남군,계곡면,덕정 마을회관,전라남도 해남군 계곡면 덕정길 14,전라남도 해남군 계곡면 덕정리 419-10
8,전라남도,해남군,계곡면,월암 마을회관,전라남도 해남군 계곡면 월암길 134,전라남도 해남군 계곡면 덕정리 871
9,전라남도,해남군,계곡면,반계 마을회관,전라남도 해남군 계곡면 반계길 33,전라남도 해남군 계곡면 반계리 349
10,전라남도,해남군,계곡면,대운 마을회관,전라남도 해남군 계곡면 대운길 69,전라남도 해남군 계곡면 반계리 405-1
11,전라남도,해남군,계곡면,방춘 마을회관,전라남도 해남군 계곡면 방춘길 150,전라남도 해남군 계곡면 방춘리 468-1
12,전라남도,해남군,계곡면,마고 마을회관,전라남도 해남군 계곡면 마고길 110,전라남도 해남군 계곡면 방춘리 557
13,전라남도,해남군,계곡면,법곡 마을회관,전라남도 해남군 계곡면 법곡길 142,전라남도 해남군 계곡면 법곡리 1127
14,전라남도,해남군,계곡면,월신 마을회관,전라남도 해남군 계곡면 큰월신길 34,전라남도 해남군 계곡면 법곡리 386
15,전라남도,해남군,계곡면,용호 마을회관,전라남도 해남군 계곡면 용호길 43,전라남도 해남군 계곡면 법곡리 42-1
16,전라남도,해남군,계곡면,장산 마을회관,전라남도 해남군 계곡면 장산길 59,전라남도 해남군 계곡면 법곡리 791-1
17,전라남도,해남군,계곡면,용지 마을회관,전라남도 해남군 계곡면 용지길 84,전라남도 해남군 계곡면 사정리 111-1
18,전라남도,해남군,계곡면,사정 마을회관,전라남도 해남군 계곡면 사정길 10,전라남도 해남군 계곡면 사정리 250
19,전라남도,해남군,계곡면,신촌 마을회관,전라남도 해남군 계곡면 신촌길 50,전라남도 해남군 계곡면 사정리 558
20,전라남도,해남군,계곡면,선진 마을회관,전라남도 해남군 계곡면 선진길 60,전라남도 해남군 계곡면 선진리 303
21,전라남도,해남군,계곡면,신주 마을회관,전라남도 해남군 계곡면 신주길 59,전라남도 해남군 계곡면 선진리 439-1
22,전라남도,해남군,계곡면,성진 마을회관,전라남도 해남군 계곡면 성진길 40,전라남도 해남군 계곡면 성진리 285-3
23,전라남도,해남군,계곡면,신성 마을회관,전라남도 해남군 계곡면 신성1길 9,전라남도 해남군 계곡면 성진리 39-2
24,전라남도,해남군,계곡면,무이 마을회관,전라남도 해남군 계곡면 무이길 105,전라남도 해남군 계곡면 성진리 733-1
25,전라남도,해남군,계곡면,신평 마을회관,전라남도 해남군 계곡면 신평길 39-15,전라남도 해남군 계곡면 신평리 454-3 
26,전라남도,해남군,계곡면,용계 마을회관,전라남도 해남군 계곡면 용계길 54-1,전라남도 해남군 계곡면 여수리 180
27,전라남도,해남군,계곡면,여수 마을회관,전라남도 해남군 계곡면 여수길 74,전라남도 해남군 계곡면 여수리 426
28,전라남도,해남군,계곡면,잠두 마을회관,전라남도 해남군 계곡면 잠두길 43,전라남도 해남군 계곡면 잠두리 175-5
29,전라남도,해남군,계곡면,만년 마을회관,전라남도 해남군 계곡면 만년동길 14,전라남도 해남군 계곡면 잠두리 189
30,전라남도,해남군,계곡면,장소 마을회관,전라남도 해남군 계곡면 장소길 60-9,전라남도 해남군 계곡면 장소리 347
31,전라남도,해남군,계곡면,황죽 마을회관,전라남도 해남군 계곡면 황죽길 149,전라남도 해남군 계곡면 황죽리 237
32,전라남도,해남군,마산면,노하 마을회관,전라남도 해남군 마산면 노하길 42,전라남도 해남군 마산면 노하리 163-1
33,전라남도,해남군,마산면,덕인 마을회관,전라남도 해남군 마산면 덕인길 50,전라남도 해남군 마산면 노하리 536
34,전라남도,해남군,마산면,원항 마을회관,전라남도 해남군 마산면 원항길 49,전라남도 해남군 마산면 노하리 777-3
35,전라남도,해남군,마산면,맹진 마을회관,전라남도 해남군 마산면 돌샘길 45,전라남도 해남군 마산면 맹진리 505-4
36,전라남도,해남군,마산면,북창 마을회관,전라남도 해남군 마산면 맹진길 17,전라남도 해남군 마산면 맹진리 628
37,전라남도,해남군,마산면,산막 마을회관,전라남도 해남군 마산면 산막길 48,전라남도 해남군 마산면 산막리 441-1
38,전라남도,해남군,마산면,호교 마을회관,전라남도 해남군 마산면 명량로 2605,전라남도 해남군 마산면 상동리 898-5
39,전라남도,해남군,마산면,장성 마을회관,전라남도 해남군 마산면 장성길 29,전라남도 해남군 마산면 상등리 185-5
40,전라남도,해남군,마산면,상등 마을회관,전라남도 해남군 마산면 상등길 40-1,전라남도 해남군 마산면 상등리 600-9
41,전라남도,해남군,마산면,송석 마을회관,전라남도 해남군 마산면 송석길 23,전라남도 해남군 마산면 송석리 281-1
42,전라남도,해남군,마산면,원덕 마을회관,전라남도 해남군 마산면 흑석로 203-45,전라남도 해남군 마산면 송석리 324
43,전라남도,해남군,마산면,월곡 마을회관,전라남도 해남군 마산면 영해동길 27-12,전라남도 해남군 마산면 송석리 532-1
44,전라남도,해남군,마산면,월산 마을회관,전라남도 해남군 마산면 영해동길 88,전라남도 해남군 마산면 송석리 604-3
45,전라남도,해남군,마산면,당두 마을회관,전라남도 해남군 마산면 당두길 58,전라남도 해남군 마산면 연구리 1275
46,전라남도,해남군,마산면,연구 마을회관,전라남도 해남군 마산면 연구길 283-2,전라남도 해남군 마산면 연구리 362-1
47,전라남도,해남군,마산면,지동 마을회관,전라남도 해남군 마산면 지동길 43,전라남도 해남군 마산면 연구리 527
48,전라남도,해남군,마산면,추당 마을회관,전라남도 해남군 마산면 추당길 38,전라남도 해남군 마산면 연구리 62-1
49,전라남도,해남군,마산면,신당 마을회관,전라남도 해남군 마산면 신당길 107,전라남도 해남군 마산면 연구리 818-6
50,전라남도,해남군,마산면,외호 마을회관,전라남도 해남군 마산면 외호길 55,전라남도 해남군 마산면 외호리 753
51,전라남도,해남군,마산면,대상 마을회관,전라남도 해남군 마산면 대상길 6,전라남도 해남군 마산면 용전리 114-1
52,전라남도,해남군,마산면,신덕 마을회관,전라남도 해남군 마산면 신덕길 17,전라남도 해남군 마산면 용전리 399-5
53,전라남도,해남군,마산면,신기 마을회관,전라남도 해남군 마산면 신기길 35,전라남도 해남군 마산면 용전리 428
54,전라남도,해남군,마산면,용반 마을회관,전라남도 해남군 마산면 용반길 79-5,전라남도 해남군 마산면 용전리 681
55,전라남도,해남군,마산면,용전 마을회관,전라남도 해남군 마산면 용전길 69,전라남도 해남군 마산면 용전리 78-3
56,전라남도,해남군,마산면,고암 마을회관,전라남도 해남군 마산면 원호맹진로 465,전라남도 해남군 마산면 용전리 793-4
57,전라남도,해남군,마산면,남계 마을회관,전라남도 해남군 마산면 은적사길 177,전라남도 해남군 마산면 장촌리 392-1
58,전라남도,해남군,마산면,장촌 마을회관,전라남도 해남군 마산면 은적사길 153,전라남도 해남군 마산면 장촌리 500
59,전라남도,해남군,마산면,오호 마을회관,전라남도 해남군 마산면 오호길 85,전라남도 해남군 마산면 학의리 1109-1
60,전라남도,해남군,마산면,금자 마을회관,전라남도 해남군 마산면 금자길 78,전라남도 해남군 마산면 학의리 175-1
61,전라남도,해남군,마산면,학의 마을회관,전라남도 해남군 마산면 학의길 45,전라남도 해남군 마산면 학의리 447-1
62,전라남도,해남군,마산면,용소 마을회관,전라남도 해남군 마산면 용소길 33,전라남도 해남군 마산면 학의리 591-1
63,전라남도,해남군,마산면,육일시 마을회관,전라남도 해남군 마산면 원호맹진로 374,전라남도 해남군 마산면 학의리 990-5
64,전라남도,해남군,마산면,후동 마을회관,전라남도 해남군 마산면 후동길 24-1,전라남도 해남군 마산면 화내리 10-1
65,전라남도,해남군,마산면,화내 마을회관,전라남도 해남군 마산면 화내길 34,전라남도 해남군 마산면 화내리 509
66,전라남도,해남군,마산면,안정 마을회관,전라남도 해남군 마산면 마산로 410-1,전라남도 해남군 마산면 화내리 637-16
67,전라남도,해남군,문내면,고당 마을회관,전라남도 해남군 문내면 일성길 15,전라남도 해남군 문내면 고당리 149-2
68,전라남도,해남군,문내면,고전 마을회관,전라남도 해남군 문내면 고전길 38,전라남도 해남군 문내면 고당리 314-1
69,전라남도,해남군,문내면,고대 마을회관,전라남도 해남군 문내면 고대길 30,전라남도 해남군 문내면 고평리 227-4
70,전라남도,해남군,문내면,고평 마을회관,전라남도 해남군 문내면 고평길 37,전라남도 해남군 문내면 고평리 462-1
71,전라남도,해남군,문내면,난대 마을회관,전라남도 해남군 문내면 난대길 44,전라남도 해남군 문내면 난대리 404-9
72,전라남도,해남군,문내면,남외 마을회관,전라남도 해남군 문내면 우수영안길 27-16,전라남도 해남군 문내면 동외리 1056
73,전라남도,해남군,문내면,동내 마을회관,전라남도 해남군 문내면 동헌길 32-7,전라남도 해남군 문내면 동외리 1145
74,전라남도,해남군,문내면,동외 마을회관,전라남도 해남군 문내면 우수영안길 5,전라남도 해남군 문내면 동외리 890-9
75,전라남도,해남군,문내면,동영 마을회관,전라남도 해남군 문내면 동영길 41-19,전라남도 해남군 문내면 동외리 919-16
76,전라남도,해남군,문내면,무고 마을회관,전라남도 해남군 문내면 무고길 64,전라남도 해남군 문내면 무고리 168-1
77,전라남도,해남군,문내면,궁항 마을회관,전라남도 해남군 문내면 우수영로 973,전라남도 해남군 문내면 무고리 1783-1
78,전라남도,해남군,문내면,외암 마을회관,전라남도 해남군 문내면 외암길 49,전라남도 해남군 문내면 무고리 582-1
79,전라남도,해남군,문내면,공영 마을회관,전라남도 해남군 문내면 공영길 55-20,전라남도 해남군 문내면 무고리 853-6
80,전라남도,해남군,문내면,용정 마을회관,전라남도 해남군 문내면 공영길 199,전라남도 해남군 문내면 무고리 902-13
81,전라남도,해남군,문내면,증도 마을회관,전라남도 해남군 문내면 증도길 15,전라남도 해남군 문내면 무고리 996
82,전라남도,해남군,문내면,서외 마을회관,전라남도 해남군 문내면 남문길 44,전라남도 해남군 문내면 서상리 205-2
83,전라남도,해남군,문내면,서상 마을회관,전라남도 해남군 문내면 북문길 22,전라남도 해남군 문내면 서상리 289
84,전라남도,해남군,문내면,서하 마을회관,전라남도 해남군 문내면 남문길 26,전라남도 해남군 문내면 서상리 399
85,전라남도,해남군,문내면,목삼 마을회관,전라남도 해남군 문내면 목삼길 1,전라남도 해남군 문내면 석교리 108-4
86,전라남도,해남군,문내면,심동 마을회관,전라남도 해남군 문내면 심동길 110,전라남도 해남군 문내면 석교리 1200-6
87,전라남도,해남군,문내면,석교 마을회관,전라남도 해남군 문내면 석교길 87-6,전라남도 해남군 문내면 석교리 1335-8
88,전라남도,해남군,문내면,삼덕 마을회관,전라남도 해남군 문내면 삼덕길 4,전라남도 해남군 문내면 석교리 1648-5
89,전라남도,해남군,문내면,송정 마을회관,전라남도 해남군 문내면 진등길 31,전라남도 해남군 문내면 석교리 1810-20
90,전라남도,해남군,문내면,일정 마을회관,전라남도 해남군 문내면 일정길 188,전라남도 해남군 문내면 석교리 356-3
91,전라남도,해남군,문내면,신창 마을회관,전라남도 해남군 문내면 신창안길 16,전라남도 해남군 문내면 석교리 648-1
92,전라남도,해남군,문내면,선두 마을회관,전라남도 해남군 문내면 하마산길 70,전라남도 해남군 문내면 선두리 371-106
93,전라남도,해남군,문내면,남하 마을회관,전라남도 해남군 문내면 우수영안길 69,전라남도 해남군 문내면 선두리 491-2
94,전라남도,해남군,문내면,남상 마을회관,전라남도 해남군 문내면 남문길 8,전라남도 해남군 문내면 선두리 637-1
95,전라남도,해남군,문내면,임하 마을회관,전라남도 해남군 문내면 임하길 109-3,전라남도 해남군 문내면 예락리 1372-1
96,전라남도,해남군,문내면,양정 마을회관,전라남도 해남군 문내면 양정길 172-14,전라남도 해남군 문내면 예락리 235-11
97,전라남도,해남군,문내면,동리 마을회관,전라남도 해남군 문내면 골몰길 8,전라남도 해남군 문내면 예락리 74-11
98,전라남도,해남군,문내면,예락 마을회관,전라남도 해남군 문내면 예락길 49,전라남도 해남군 문내면 예락리 860-6
99,전라남도,해남군,문내면,이목 마을회관,전라남도 해남군 문내면 명량로 908-8,전라남도 해남군 문내면 용암리 13-1
100,전라남도,해남군,문내면,원문 마을회관,전라남도 해남군 문내면 원문길 10,전라남도 해남군 문내면 용암리 240-2
101,전라남도,해남군,문내면,신월 마을회관,전라남도 해남군 문내면 신월길 33,전라남도 해남군 문내면 용암리 267
102,전라남도,해남군,문내면,사교 마을회관,전라남도 해남군 문내면 사교길 31,전라남도 해남군 문내면 용암리 300-6
103,전라남도,해남군,문내면,신흥 마을회관,전라남도 해남군 문내면 옥매길 6,전라남도 해남군 문내면 용암리 40-106
104,전라남도,해남군,문내면,원동 마을회관,전라남도 해남군 문내면 원동리길 30-14,전라남도 해남군 문내면 용암리 733-1
105,전라남도,해남군,문내면,용암 마을회관,전라남도 해남군 문내면 용암길 34,전라남도 해남군 문내면 용암리 960-1
106,전라남도,해남군,문내면,갈우 마을회관,전라남도 해남군 문내면 문내화원로 388-5,전라남도 해남군 문내면 충평리 178-5
107,전라남도,해남군,문내면,신평 마을회관,전라남도 해남군 문내면 청다리길 46,전라남도 해남군 문내면 충평리 298-8
108,전라남도,해남군,문내면,충평 마을회관,전라남도 해남군 문내면 충평길 121,전라남도 해남군 문내면 충평리 377-1
109,전라남도,해남군,문내면,명량 마을회관,전라남도 해남군 문내면 안골길 72,전라남도 해남군 문내면 학동리 1066
110,전라남도,해남군,문내면,충무 마을회관,전라남도 해남군 문내면 충무길 19-1,전라남도 해남군 문내면 학동리 1245
111,전라남도,해남군,문내면,삼정 마을회관,전라남도 해남군 문내면 학동길 323,전라남도 해남군 문내면 학동리 131-10
112,전라남도,해남군,문내면,학동 마을회관,전라남도 해남군 문내면 학동길 183,전라남도 해남군 문내면 학동리 456-1
113,전라남도,해남군,북일면,갈두 마을회관,전라남도 해남군 북일면 갈두길 181,전라남도 해남군 북일면 금당리 169-5
114,전라남도,해남군,북일면,금당 마을회관,전라남도 해남군 북일면 금당길 26,전라남도 해남군 북일면 금당리 331-3
115,전라남도,해남군,북일면,원동 마을회관,전라남도 해남군 북일면 원동길 36,전라남도 해남군 북일면 내동리 495-5
116,전라남도,해남군,북일면,내동 마을회관,전라남도 해남군 북일면 내동길 19,전라남도 해남군 북일면 내동리 705-1
117,전라남도,해남군,북일면,만수 마을회관,전라남도 해남군 북일면 만수길 50,전라남도 해남군 북일면 만수리 56-1
118,전라남도,해남군,북일면,용산 마을회관,전라남도 해남군 북일면 용산길 45,전라남도 해남군 북일면 방산리 446-2
119,전라남도,해남군,북일면,신방 마을회관,전라남도 해남군 북일면 신방길 166,전라남도 해남군 북일면 방산리 561
120,전라남도,해남군,북일면,방산 마을회관,전라남도 해남군 북일면 방산길 25,전라남도 해남군 북일면 방산리 77
121,전라남도,해남군,북일면,월성 마을회관,전라남도 해남군 북일면 월성길 32,전라남도 해남군 북일면 신월리 231
122,전라남도,해남군,북일면,신월 마을회관,전라남도 해남군 북일면 신월리길 23,전라남도 해남군 북일면 신월리 91-2
123,전라남도,해남군,북일면,용운 마을회관,전라남도 해남군 북일면 용일길 53,전라남도 해남군 북일면 용일리 497-1
124,전라남도,해남군,북일면,용원 마을회관,전라남도 해남군 북일면 용일길 95,전라남도 해남군 북일면 용일리 572-1
125,전라남도,해남군,북일면,용일 마을회관,전라남도 해남군 북일면 용일길 128,전라남도 해남군 북일면 용일리 749-1
126,전라남도,해남군,북일면,수동 마을회관,전라남도 해남군 북일면 운수길 59,전라남도 해남군 북일면 운전리 316
127,전라남도,해남군,북일면,장전 마을회관,전라남도 해남군 북일면 장전길 36,전라남도 해남군 북일면 운전리 364-1
128,전라남도,해남군,북일면,장수 마을회관,전라남도 해남군 북일면 영장수길 73,전라남도 해남군 북일면 운전리 586-4
129,전라남도,해남군,북일면,운전 마을회관,전라남도 해남군 북일면 운수길 1,전라남도 해남군 북일면 운전리 768-1
130,전라남도,해남군,북일면,만월 마을회관,전라남도 해남군 북일면 만월길 18-13,전라남도 해남군 북일면 흥촌리 158-5
131,전라남도,해남군,북일면,흥촌 마을회관,전라남도 해남군 북일면 흥촌길 4,전라남도 해남군 북일면 흥촌리 343-1
132,전라남도,해남군,북일면,삼성 마을회관,전라남도 해남군 북일면 삼성길 74,전라남도 해남군 북일면 흥촌리 849-7
133,전라남도,해남군,북평면,남창 마을회관,전라남도 해남군 북평면 한밭등길 66-9,전라남도 해남군 북평면 남창리 318-0
134,전라남도,해남군,북평면,신기 마을회관,전라남도 해남군 북평면 천태산길 37,전라남도 해남군 북평면 남창리 742-3
135,전라남도,해남군,북평면,동촌 마을회관,전라남도 해남군 북평면 동촌길 14,전라남도 해남군 북평면 동해리 452-6
136,전라남도,해남군,북평면,동해 마을회관,전라남도 해남군 북평면 동해길 97,전라남도 해남군 북평면 동해리 848-1
137,전라남도,해남군,북평면,신평 마을회관,전라남도 해남군 북평면 평등길 13,전라남도 해남군 북평면 서홍리 1404
138,전라남도,해남군,북평면,신홍 마을회관,전라남도 해남군 북평면 신홍길 41,전라남도 해남군 북평면 서홍리 154-3
139,전라남도,해남군,북평면,묵동 마을회관,전라남도 해남군 북평면 묵동길 1,전라남도 해남군 북평면 서홍리 443-2
140,전라남도,해남군,북평면,서홍 마을회관,전라남도 해남군 북평면 서홍원길 1,전라남도 해남군 북평면 서홍리 906-2
141,전라남도,해남군,북평면,남성 마을회관,전라남도 해남군 북평면 남성리길 22,전라남도 해남군 북평면 영전리 1439-5
142,전라남도,해남군,북평면,남전 마을회관,전라남도 해남군 북평면 남전길 58,전라남도 해남군 북평면 영전리 238-12
143,전라남도,해남군,북평면,영전 마을회관,전라남도 해남군 북평면 영전길 94,전라남도 해남군 북평면 영전리 410-2
144,전라남도,해남군,북평면,서호 마을회관,전라남도 해남군 북평길 서호길 133,전라남도 해남군 북평면 영전리 893-4
145,전라남도,해남군,북평면,오산 마을회관,전라남도 해남군 북평면 오산길 12-4,전라남도 해남군 북평면 오산리 385-6
146,전라남도,해남군,북평면,차경 마을회관,전라남도 해남군 북평면 차경길 44,전라남도 해남군 북평면 오산리 987-6
147,전라남도,해남군,북평면,와룡 마을회관,전라남도 해남군 북평면 호정길 30,전라남도 해남군 북평면 와룡리 173-7
148,전라남도,해남군,북평면,신용 마을회관,전라남도 해남군 북평면 신용길 21,전라남도 해남군 북평면 와룡리 273-3
149,전라남도,해남군,북평면,용수 마을회관,전라남도 해남군 북평면 용수길 20,전라남도 해남군 북평면 와룡리 614-6
150,전라남도,해남군,북평면,산마 마을회관,전라남도 해남군 북평면 산마길 101,전라남도 해남군 북평면 이진리 1142-1
151,전라남도,해남군,북평면,이진 마을회관,전라남도 해남군 북평면 이진1길 21-3,전라남도 해남군 북평면 이진리 342-1
152,전라남도,해남군,북평면,금산 마을회관,전라남도 해남군 북평면 금산길 62,전라남도 해남군 북평면 평암리 1010
153,전라남도,해남군,북평면,안평 마을회관,전라남도 해남군 북평면 안평길 99-1,전라남도 해남군 북평면 평암리 129-5
154,전라남도,해남군,북평면,평암 마을회관,전라남도 해남군 북평면 땅끝해안로 3461,전라남도 해남군 북평면 평암리 555-3
155,전라남도,해남군,산이면,구성 마을회관,전라남도 해남군 산이면 구성길 73,전라남도 해남군 산이면 구성리 229-1
156,전라남도,해남군,산이면,업자 마을회관,전라남도 해남군 산이면 업자길 136,전라남도 해남군 산이면 금송리 249-1
157,전라남도,해남군,산이면,방축 마을회관,전라남도 해남군 산이면 방축리길 71,전라남도 해남군 산이면 금송리 380-1
158,전라남도,해남군,산이면,금동 마을회관,전라남도 해남군 산이면 금동길 54,전라남도 해남군 산이면 금송리 466-7
159,전라남도,해남군,산이면,시등 마을회관,전라남도 해남군 산이면 금동길 16,전라남도 해남군 산이면 금송리 482-5
160,전라남도,해남군,산이면,반송 마을회관,전라남도 해남군 산이면 반송길 75,전라남도 해남군 산이면 금송리 672-1
161,전라남도,해남군,산이면,대명 마을회관,전라남도 해남군 산이면 원금길 389,전라남도 해남군 산이면 금송리 859-31
162,전라남도,해남군,산이면,산두 마을회관,전라남도 해남군 산이면 산두길 212-7,전라남도 해남군 산이면 금호리 1204-2
163,전라남도,해남군,산이면,금호 마을회관,전라남도 해남군 산이면 금호길 80-4,전라남도 해남군 산이면 금호리 495-1
164,전라남도,해남군,산이면,노송 마을회관,전라남도 해남군 산이면 노송길 19,전라남도 해남군 산이면 노송리 303-1
165,전라남도,해남군,산이면,건촌 마을회관,전라남도 해남군 산이면 건촌길 108,전라남도 해남군 산이면 노송리 593-1
166,전라남도,해남군,산이면,신농 마을회관,전라남도 해남군 산이면 신농길 47,전라남도 해남군 산이면 대진리 217-11
167,전라남도,해남군,산이면,지사 마을회관,전라남도 해남군 산이면 지사길 29,전라남도 해남군 산이면 대진리 445-3
168,전라남도,해남군,산이면,원항 마을회관,전라남도 해남군 산이면 원항리길 74,전라남도 해남군 산이면 대진리 636
169,전라남도,해남군,산이면,대진 마을회관,전라남도 해남군 산이면 한진길 58,전라남도 해남군 산이면 대진리 779-2
170,전라남도,해남군,산이면,황조 마을회관,전라남도 해남군 산이면 새상골길 315,전라남도 해남군 산이면 덕송리 335-5
171,전라남도,해남군,산이면,덕곡 마을회관,전라남도 해남군 산이면 덕곡길 46,전라남도 해남군 산이면 덕송리 662-1
172,전라남도,해남군,산이면,덕송 마을회관,전라남도 해남군 산이면 덕송길 15,전라남도 해남군 산이면 덕송리 817-6
173,전라남도,해남군,산이면,덕호 마을회관,전라남도 해남군 산이면 덕호길 76,전라남도 해남군 산이면 덕호리 17-5
174,전라남도,해남군,산이면,부흥 마을회관,전라남도 해남군 산이면 내덕길 49,전라남도 해남군 산이면 덕호리 390-1
175,전라남도,해남군,산이면,학림 마을회관,전라남도 해남군 산이면 학림길 57,전라남도 해남군 산이면 덕호리 465-5
176,전라남도,해남군,산이면,백동 마을회관,전라남도 해남군 산이면 백동길 8,전라남도 해남군 산이면 덕호리 707-1
177,전라남도,해남군,산이면,해월 마을회관,전라남도 해남군 산이면 해월길 15,전라남도 해남군 산이면 덕호리 721-32
178,전라남도,해남군,산이면,흑두 마을회관,전라남도 해남군 산이면 흑두길 68,전라남도 해남군 산이면 부동리 466-1
179,전라남도,해남군,산이면,부동 마을회관,전라남도 해남군 산이면 부동길 200,전라남도 해남군 산이면 부동리 76-1
180,전라남도,해남군,산이면,신흥 마을회관,전라남도 해남군 산이면 부동길 434,전라남도 해남군 산이면 부동리 산 90-33
181,전라남도,해남군,산이면,당후 마을회관,전라남도 해남군 산이면 당후길 51,전라남도 해남군 산이면 상공리 145-1
182,전라남도,해남군,산이면,상공 마을회관,전라남도 해남군 산이면 상공길 47-6,전라남도 해남군 산이면 상공리 426
183,전라남도,해남군,산이면,유동 마을회관,전라남도 해남군 산이면 유동길 29,전라남도 해남군 산이면 상공리 668-2
184,전라남도,해남군,산이면,송천 마을회관,전라남도 해남군 산이면 송천길 58,전라남도 해남군 산이면 송천리 376-3
185,전라남도,해남군,산이면,동월 마을회관,전라남도 해남군 산이면 동월길 15,전라남도 해남군 산이면 예정리 112
186,전라남도,해남군,산이면,중촌 마을회관,전라남도 해남군 산이면 예덕길 129,전라남도 해남군 산이면 예정리 229-1
187,전라남도,해남군,산이면,예동 마을회관,전라남도 해남군 산이면 예동길 23,전라남도 해남군 산이면 예정리 471
188,전라남도,해남군,산이면,신정 마을회관,전라남도 해남군 산이면 진산길 41,전라남도 해남군 산이면 진산리 331-2
189,전라남도,해남군,산이면,진산 마을회관,전라남도 해남군 산이면 진산길 110,전라남도 해남군 산이면 진산리 515-1
190,전라남도,해남군,산이면,두목 마을회관,전라남도 해남군 산이면 두목길 16,전라남도 해남군 산이면 초송리 107
191,전라남도,해남군,산이면,초두 마을회관,전라남도 해남군 산이면 초두길 83,전라남도 해남군 산이면 초송리 486-2
192,전라남도,해남군,산이면,비석 마을회관,전라남도 해남군 산이면 비석길 101-14,전라남도 해남군 산이면 초송리 573-18
193,전라남도,해남군,산이면,내송 마을회관,전라남도 해남군 산이면 내송길 211,전라남도 해남군 산이면 초송리 870-6
194,전라남도,해남군,산이면,외송 마을회관,전라남도 해남군 산이면 외송길 97,전라남도 해남군 산이면 초송리753-1
195,전라남도,해남군,삼산면,대흥 마을회관,전라남도 해남군 삼산면 대흥길 24,전라남도 해남군 삼산면 충리 959-1
196,전라남도,해남군,삼산면,구림 마을회관,전라남도 해남군 삼산면 구림큰길 50,전라남도 해남군 삼산면 구림리 290-3
197,전라남도,해남군,삼산면,용전 마을회관,전라남도 해남군 삼산면 용전큰길 18,전라남도 해남군 삼산면 구림리 80
198,전라남도,해남군,삼산면,매정 마을회관,전라남도 해남군 삼산면 매정길 16-6,전라남도 해남군 삼산면 구림리 809-18
199,전라남도,해남군,삼산면,신금 마을회관,전라남도 해남군 삼산면 신금길 29,전라남도 해남군 삼산면 봉학리 307
200,전라남도,해남군,삼산면,봉학 마을회관,전라남도 해남군 삼산면 봉학길 85,전라남도 해남군 삼산면 봉학리 521-4
201,전라남도,해남군,삼산면,옹암 마을회관,전라남도 해남군 삼산면 옹암길 17,전라남도 해남군 삼산면 봉학리 655-4
202,전라남도,해남군,삼산면,상가 마을회관,전라남도 해남군 삼산면 상가길 44,전라남도 해남군 삼산면 상가리 192
203,전라남도,해남군,삼산면,중리 마을회관,전라남도 해남군 삼산면 중리큰길 46,전라남도 해남군 삼산면 상가리 340
204,전라남도,해남군,삼산면,계동 마을회관,전라남도 해남군 삼산면 계동길 1,전라남도 해남군 삼산면 상가리 710-5
205,전라남도,해남군,삼산면,송정 마을회관,전라남도 해남군 삼산면 송정길 15,전라남도 해남군 삼산면 송정리 198-2
206,전라남도,해남군,삼산면,저산 마을회관,전라남도 해남군 삼산면 저산길 26,전라남도 해남군 삼산면 송정리 481-6
207,전라남도,해남군,삼산면,도토 마을회관,전라남도 해남군 삼산면 도토길 20-2,전라남도 해남군 삼산면 송정리 66-1
208,전라남도,해남군,삼산면,감당 마을회관,전라남도 해남군 삼산면 감당길 11,전라남도 해남군 삼산면 신흥리 309-4
209,전라남도,해남군,삼산면,항리 마을회관,전라남도 해남군 삼산면 항리길 51,전라남도 해남군 삼산면 신흥리 373-1
210,전라남도,해남군,삼산면,신흥 마을회관,전라남도 해남군 삼산면 신흥길 56,전라남도 해남군 삼산면 신흥리 490-3
211,전라남도,해남군,삼산면,상금 마을회관,전라남도 해남군 삼산면 상금길 2,전라남도 해남군 삼산면 신흥리 725-1
212,전라남도,해남군,삼산면,수림 마을회관,전라남도 해남군 삼산면 수림길 10-3,전라남도 해남군 삼산면 원진리 1053-8
213,전라남도,해남군,삼산면,원진 마을회관,전라남도 해남군 삼산면 원진길 24,전라남도 해남군 삼산면 원진리 176-4
214,전라남도,해남군,삼산면,목신 마을회관,전라남도 해남군 삼산면 목신길 46,전라남도 해남군 삼산면 원진리 368-1
215,전라남도,해남군,삼산면,농암 마을회관,전라남도 해남군 삼산면 농암길 27,전라남도 해남군 삼산면 원진리 749-57
216,전라남도,해남군,삼산면,시등 마을회관,전라남도 해남군 삼산면 시등안길 27,전라남도 해남군 삼산면 원진리 771
217,전라남도,해남군,삼산면,금산 마을회관,전라남도 해남군 삼산면 금산큰길 33,전라남도 해남군 삼산면 창리 338-3
218,전라남도,해남군,삼산면,용두 마을회관,전라남도 해남군 삼산면 용두길 40,전라남도 해남군 삼산면 창리 589-1
219,전라남도,해남군,삼산면,석당 마을회관,전라남도 해남군 삼산면 석당길 47,전라남도 해남군 삼산면 창리 767-1
220,전라남도,해남군,삼산면,창리 마을회관,전라남도 해남군 삼산면 방축큰길 104,전라남도 해남군 삼산면 창리 889-1
221,전라남도,해남군,삼산면,신리 마을회관,전라남도 해남군 삼산면 충리길 37,전라남도 해남군 삼산면 충리 15-35
222,전라남도,해남군,삼산면,충리 마을회관,전라남도 해남군 삼산면 충리길 121,전라남도 해남군 삼산면 충리 362-2
223,전라남도,해남군,삼산면,화내 마을회관,전라남도 해남군 삼산면 화내큰길 46,전라남도 해남군 삼산면 충리 653
224,전라남도,해남군,삼산면,산림 마을회관,전라남도 해남군 삼산면 오소재로 774,전라남도 해남군 삼산면 평활리 275-3
225,전라남도,해남군,삼산면,나범 마을회관,전라남도 해남군 삼산면 나범길 39,전라남도 해남군 삼산면 평활리 348-57
226,전라남도,해남군,삼산면,평활 마을회관,전라남도 해남군 삼산면 평활길 24,전라남도 해남군 삼산면 평활리 473-1
227,전라남도,해남군,삼산면,신활 마을회관,전라남도 해남군 삼산면 신활길 11,전라남도 해남군 삼산면 평활리 763-5
228,전라남도,해남군,삼산면,신기 마을회관,전라남도 해남군 삼산면 신기큰길 24,전라남도 해남군 삼산면 평활리 897-3
229,전라남도,해남군,송지면,송암 마을회관,전라남도 해남군 송지면 송암길 32,전라남도 해남군 송지면 가차리 232-1
230,전라남도,해남군,송지면,부평 마을회관,전라남도 해남군 송지면 부평길 26,전라남도 해남군 송지면 가차리 363-6
231,전라남도,해남군,송지면,화내 마을회관,전라남도 해남군 송지면 가차화내길 107,전라남도 해남군 송지면 가차리 682-1
232,전라남도,해남군,송지면,가차 마을회관,전라남도 해남군 송지면 가차길 84,전라남도 해남군 송지면 가차리 761
233,전라남도,해남군,송지면,신정 마을회관,전라남도 해남군 송지면 군곡길 9,전라남도 해남군 송지면 군곡리 214
234,전라남도,해남군,송지면,현안 마을회관,전라남도 해남군 송지면 군곡길 76,전라남도 해남군 송지면 군곡리 319
235,전라남도,해남군,송지면,방처 마을회관,전라남도 해남군 송지면 군곡길 134,전라남도 해남군 송지면 군곡리 418-2
236,전라남도,해남군,송지면,군안 마을회관,전라남도 해남군 송지면 군안길 20,전라남도 해남군 송지면 군곡리 536-7
237,전라남도,해남군,송지면,월강 마을회관,전라남도 해남군 송지면 월강길 23-1,전라남도 해남군 송지면 금강리 268-5
238,전라남도,해남군,송지면,금강 마을회관,전라남도 해남군 송지면 금강길 3,전라남도 해남군 송지면 금강리 426
239,전라남도,해남군,송지면,신흥 마을회관,전라남도 해남군 송지면 마봉송종길 69,전라남도 해남군 송지면 마봉리 1289-1
240,전라남도,해남군,송지면,마봉 마을회관,전라남도 해남군 송지면 마봉길 41,전라남도 해남군 송지면 마봉리 788
241,전라남도,해남군,송지면,영평 마을회관,전라남도 해남군 송지면 영평길 13,전라남도 해남군 송지면 미아리 714-4
242,전라남도,해남군,송지면,강남 마을회관,전라남도 해남군 송지면 강남길 76,전라남도 해남군 송지면 미야리 1053-1
243,전라남도,해남군,송지면,미야 마을회관,전라남도 해남군 송지면 미야안길 139,전라남도 해남군 송지면 미야리 461-1
244,전라남도,해남군,송지면,석수 마을회관,전라남도 해남군 송지면 석수길 3,전라남도 해남군 송지면 산정리 205-1
245,전라남도,해남군,송지면,산정2구 마을회관,전라남도 해남군 송지면 산정4길 12,전라남도 해남군 송지면 산정리 384-5
246,전라남도,해남군,송지면,엄남 마을회관,전라남도 해남군 송지면 엄남포길 21,전라남도 해남군 송지면 산정리 459-6
247,전라남도,해남군,송지면,정해 마을회관,전라남도 해남군 송지면 산정6길 11,전라남도 해남군 송지면 산정리 543-2
248,전라남도,해남군,송지면,장춘 마을회관,전라남도 해남군 송지면 장춘길 89,전라남도 해남군 송지면 서정리 1020-3
249,전라남도,해남군,송지면,치소 마을회관,전라남도 해남군 송지면 치소길 60,전라남도 해남군 송지면 서정리 433-4
250,전라남도,해남군,송지면,서정 마을회관,전라남도 해남군 송지면 서안길 24,전라남도 해남군 송지면 서정리 611-2
251,전라남도,해남군,송지면,대죽 마을회관,전라남도 해남군 송지면 대죽길 94,전라남도 해남군 송지면 소죽리 150-1
252,전라남도,해남군,송지면,소죽 마을회관,전라남도 해남군 송지면 소죽길 63,전라남도 해남군 송지면 소죽리 374-1
253,전라남도,해남군,송지면,땅끝 마을회관,전라남도 해남군 송지면 땅끝마을길 82,전라남도 해남군 송지면 송호리 1302
254,전라남도,해남군,송지면,중리 마을회관,전라남도 해남군 송지면 중리길 9,전라남도 해남군 송지면 송호리 158-4
255,전라남도,해남군,송지면,송종 마을회관,전라남도 해남군 송지면 송종2길 2,전라남도 해남군 송지면 송호리 492-4
256,전라남도,해남군,송지면,송호 마을회관,전라남도 해남군 송지면 송호길 35,전라남도 해남군 송지면 송호리 963-1
257,전라남도,해남군,송지면,어란 마을회관,전라남도 해남군 송지면 어란4길 2-1,전라남도 해남군 송지면 어란리 1393-13
258,전라남도,해남군,송지면,어불 마을회관,전라남도 해남군 송지면 어불길 36-7,전라남도 해남군 송지면 어란리 1866-5
259,전라남도,해남군,송지면,외장 마을회관,전라남도 해남군 송지면 통쇄골길 59,전라남도 해남군 송지면 어란리 188-20
260,전라남도,해남군,송지면,내장 마을회관,전라남도 해남군 송지면 내장길 173,전라남도 해남군 송지면 어란리 535-1
261,전라남도,해남군,송지면,동현 마을회관,전라남도 해남군 송지면 동현길 16,전라남도 해남군 송지면 어란리 989-12
262,전라남도,해남군,송지면,미학 마을회관,전라남도 해남군 송지면 미학길 35,전라남도 해남군 송지면 우근리 512-7
263,전라남도,해남군,송지면,우근 마을회관,전라남도 해남군 송지면 우근길 102,전라남도 해남군 송지면 우근리 8-12
264,전라남도,해남군,송지면,통호 마을회관,전라남도 해남군 송지면 통호길 59,전라남도 해남군 송지면 통호리 301
265,전라남도,해남군,송지면,사구 마을회관,전라남도 해남군 송지면 사구미길 110,전라남도 해남군 송지면 통호리 61
266,전라남도,해남군,송지면,통호불등 마을회관,전라남도 해남군 송지면 통호길 1,전라남도 해남군 송지면 통호리 790
267,전라남도,해남군,송지면,신평 마을회관,전라남도 해남군 송지면 신평마을길 10,전라남도 해남군 송지면 학가리 223-1
268,전라남도,해남군,송지면,학가 마을회관,전라남도 해남군 송지면 학가2길 7,전라남도 해남군 송지면 학가리 343
269,전라남도,해남군,송지면,신기 마을회관,전라남도 해남군 송지면 서안길 191,전라남도 해남군 송지면 해원리 1063-1
270,전라남도,해남군,송지면,삼마 마을회관,전라남도 해남군 송지면 삼마길 171,전라남도 해남군 송지면 해원리 47
271,전라남도,해남군,송지면,해원 마을회관,전라남도 해남군 송지면 개현길 30,전라남도 해남군 송지면 해원리 543
272,전라남도,해남군,옥천면,동리 마을회관,전라남도 해남군 옥천면 동리길 67,전라남도 해남군 옥천면 대산리 106
273,전라남도,해남군,옥천면,대산 마을회관,전라남도 해남군 옥천면 대산길 65,전라남도 해남군 옥천면 대산리 643
274,전라남도,해남군,옥천면,용심 마을회관,전라남도 해남군 옥천면 용동길 166-1,전라남도 해남군 옥천면 백호리 1161
275,전라남도,해남군,옥천면,백호 마을회관,전라남도 해남군 옥천면 백호길 45,전라남도 해남군 옥천면 백호리 412-6
276,전라남도,해남군,옥천면,백운 마을회관,전라남도 해남군 옥천면 백운길 14,전라남도 해남군 옥천면 백호리 514-5
277,전라남도,해남군,옥천면,청용 마을회관,전라남도 해남군 옥천면 청룡길 22-7,전라남도 해남군 옥천면 백호리 59
278,전라남도,해남군,옥천면,가성 마을회관,전라남도 해남군 옥천면 가성길 40,전라남도 해남군 옥천면 백호리 922-1
279,전라남도,해남군,옥천면,만년 마을회관,전라남도 해남군 옥천면 만년1길 3,전라남도 해남군 옥천면 성산리 367-3
280,전라남도,해남군,옥천면,성산 마을회관,전라남도 해남군 옥천면 성산길 34,전라남도 해남군 옥천면 성산리 474
281,전라남도,해남군,옥천면,송산 마을회관,전라남도 해남군 옥천면 송산길 42,전라남도 해남군 옥천면 송산리 358-1
282,전라남도,해남군,옥천면,향촌 마을회관,전라남도 해남군 옥천면 향촌길 24,전라남도 해남군 옥천면 송산리 37-1
283,전라남도,해남군,옥천면,화촌 마을회관,전라남도 해남군 옥천면 화촌길 45,전라남도 해남군 옥천면 송산리 529-9
284,전라남도,해남군,옥천면,마고 마을회관,전라남도 해남군 옥천면 연화길 86,전라남도 해남군 옥천면 송산리 54-2
285,전라남도,해남군,옥천면,남촌 마을회관,전라남도 해남군 옥천면 남촌길 116,전라남도 해남군 옥천면 송산리 698-2
286,전라남도,해남군,옥천면,신계 마을회관,전라남도 해남군 옥천면 신계길 83,전라남도 해남군 옥천면 신계리 164-1
287,전라남도,해남군,옥천면,내동 마을회관,전라남도 해남군 옥천면 내동리길 38,전라남도 해남군 옥천면 신계리 335-1
288,전라남도,해남군,옥천면,거오 마을회관,전라남도 해남군 옥천면 거오길 62,전라남도 해남군 옥천면 신계리 593
289,전라남도,해남군,옥천면,신죽 마을회관,전라남도 해남군 옥천면 신죽길 6,전라남도 해남군 옥천면 신죽리 274
290,전라남도,해남군,옥천면,한천 마을회관,전라남도 해남군 옥천면 한천길 60,전라남도 해남군 옥천면 신죽리 475-3
291,전라남도,해남군,옥천면,가곡 마을회관,전라남도 해남군 옥천면 가곡길 16,전라남도 해남군 옥천면 신죽리 560-4
292,전라남도,해남군,옥천면,영안 마을회관,전라남도 해남군 옥천면 영안길 13,전라남도 해남군 옥천면 영신리 135-1
293,전라남도,해남군,옥천면,영신 마을회관,전라남도 해남군 옥천면 영신길 5,전라남도 해남군 옥천면 영신리 477-1
294,전라남도,해남군,옥천면,호산 마을회관,전라남도 해남군 옥천면 호산길 65,전라남도 해남군 옥천면 영춘리 267-5
295,전라남도,해남군,옥천면,영춘2 마을회관,전라남도 해남군 옥천면 해남로 403,전라남도 해남군 옥천면 영춘리 543-0
296,전라남도,해남군,옥천면,영춘1 마을회관,전라남도 해남군 옥천면 해강로 39-3,전라남도 해남군 옥천면 영춘리 597-14
297,전라남도,해남군,옥천면,송운 마을회관,전라남도 해남군 옥천면 송운길 30,전라남도 해남군 옥천면 영춘리 690-2
298,전라남도,해남군,옥천면,도림 마을회관,전라남도 해남군 옥천면 도림길 110,전라남도 해남군 옥천면 용동리 313-4
299,전라남도,해남군,옥천면,용동 마을회관,전라남도 해남군 옥천면 용동안길 37,전라남도 해남군 옥천면 용동리 656-2
300,전라남도,해남군,옥천면,이목 마을회관,전라남도 해남군 옥천면 신동길 32,전라남도 해남군 옥천면 용동리 832-5
301,전라남도,해남군,옥천면,용정 마을회관,전라남도 해남군 옥천면 용정리길 131,전라남도 해남군 옥천면 용산리 220-3
302,전라남도,해남군,옥천면,문촌 마을회관,전라남도 해남군 옥천면 문촌길 29,전라남도 해남군 옥천면 용산리 28-1
303,전라남도,해남군,옥천면,용산 마을회관,전라남도 해남군 옥천면 용산리길 12-5,전라남도 해남군 옥천면 용산리 284-3
304,전라남도,해남군,옥천면,월평 마을회관,전라남도 해남군 옥천면 월평길 13,전라남도 해남군 옥천면 월평리 466
305,전라남도,해남군,옥천면,다산 마을회관,전라남도 해남군 옥천면 다산길 106,전라남도 해남군 옥천면 월평리 748-4
306,전라남도,해남군,옥천면,탑동 마을회관,전라남도 해남군 옥천면 탑동길 42,전라남도 해남군 옥천면 청신리 200-1
307,전라남도,해남군,옥천면,청신 마을회관,전라남도 해남군 옥천면 청신길 34,전라남도 해남군 옥천면 청신리 460-1
308,전라남도,해남군,옥천면,조운 마을회관,전라남도 해남군 옥천면 조운길 109,전라남도 해남군 옥천면 청신리 833-3
309,전라남도,해남군,옥천면,팔산 마을회관,전라남도 해남군 옥천면 팔산길 6,전라남도 해남군 옥천면 팔산리 464-2
310,전라남도,해남군,옥천면,죽촌 마을회관,전라남도 해남군 옥천면 죽촌길 18,전라남도 해남군 옥천면 팔산리 67-2
311,전라남도,해남군,옥천면,서원 마을회관,전라남도 해남군 옥천면 해남로 926-7,전라남도 해남군 옥천면 팔산리 943-2
312,전라남도,해남군,옥천면,화당 마을회관,전라남도 해남군 옥천면 화당길 26,전라남도 해남군 옥천면 팔산리 966-1
313,전라남도,해남군,옥천면,흑천 마을회관,전라남도 해남군 옥천면 흑천길 14,전라남도 해남군 옥천면 흑천리 425-1
314,전라남도,해남군,옥천면,학동 마을회관,전라남도 해남군 옥천면 학동리길 14,전라남도 해남군 옥천면 흑천리 563-4
315,전라남도,해남군,해남읍,고도 마을회관,전라남도 해남군 해남읍 중앙2로 99-10,전라남도 해남군 해남읍 고도리 125-4
316,전라남도,해남군,해남읍,평남 마을회관,전라남도 해남군 해남읍 평남3길 5-8,전라남도 해남군 해남읍 고도리 92-9
317,전라남도,해남군,해남읍,구교 마을회관,전라남도 해남군 해남읍 구교1길 22,전라남도 해남군 해남읍 구교리 235-14
318,전라남도,해남군,해남읍,서성 마을회관,전라남도 해남군 해남읍 서성1길 18,전라남도 해남군 해남읍 구교리 350-10
319,전라남도,해남군,해남읍,관동 마을회관,전라남도 해남군 해남읍 읍관동길 55,전라남도 해남군 해남읍 구교리 614-3
320,전라남도,해남군,해남읍,학동 마을회관,전라남도 해남군 해남읍 읍학동길 20-3,전라남도 해남군 해남읍 구교리 839-4
321,전라남도,해남군,해남읍,남동 마을회관,전라남도 해남군 해남읍 남동길 19-1,전라남도 해남군 해남읍 남동리 111
322,전라남도,해남군,해남읍,남외 마을회관,전라남도 해남군 해남읍 남외1길 92-1,전라남도 해남군 해남읍 남외리 53-1
323,전라남도,해남군,해남읍,남천 마을회관,전라남도 해남군 해남읍 남천길 38,전라남도 해남군 해남읍 남천리 334-5
324,전라남도,해남군,해남읍,고수 마을회관,전라남도 해남군 해남읍 고수길 28,전라남도 해남군 해남읍 남천리 62-12
325,전라남도,해남군,해남읍,온인 마을회관,전라남도 해남군 해남읍 온인길 36,전라남도 해남군 해남읍 남천리 739
326,전라남도,해남군,해남읍,부호 마을회관,전라남도 해남군 해남읍 내사길 656,전라남도 해남군 해남읍 내사리 1007
327,전라남도,해남군,해남읍,기동 마을회관,전라남도 해남군 해남읍 기동길 210,전라남도 해남군 해남읍 내사리 117-6
328,전라남도,해남군,해남읍,월교 마을회관,전라남도 해남군 해남읍 응달길 22,전라남도 해남군 해남읍 내사리 313-2
329,전라남도,해남군,해남읍,장활 마을회관,전라남도 해남군 해남읍 내사길 508,전라남도 해남군 해남읍 내사리 513-1
330,전라남도,해남군,해남읍,신리 마을회관,전라남도 해남군 해남읍 내사길 560,전라남도 해남군 해남읍 내사리 849-1
331,전라남도,해남군,해남읍,부흥 마을회관,전라남도 해남군 해남읍 부흥길 72,전라남도 해남군 해남읍 백야리 133-11
332,전라남도,해남군,해남읍,오천 마을회관,전라남도 해남군 해남읍 작오대길 27,전라남도 해남군 해남읍 백야리 478
333,전라남도,해남군,해남읍,백야 마을회관,전라남도 해남군 해남읍 백야길 28,전라남도 해남군 해남읍 백야리 561-1
334,전라남도,해남군,해남읍,길호 마을회관,전라남도 해남군 해남읍 길호길 53,전라남도 해남군 해남읍 복평리 444-4
335,전라남도,해남군,해남읍,복평 마을회관,전라남도 해남군 해남읍 복평길 2,전라남도 해남군 해남읍 북평리 152-2
336,전라남도,해남군,해남읍,성내 마을회관,전라남도 해남군 해남읍 성내길 13,전라남도 해남군 해남읍 성내리 49-3
337,전라남도,해남군,해남읍,수성2 마을회관,전라남도 해남군 해남읍 북부순환로 126-7,전라남도 해남군 해남읍 수성리 202-8
338,전라남도,해남군,해남읍,수성1 마을회관,전라남도 해남군 해남읍 향교길 14,전라남도 해남군 해남읍 수성리 28-2
339,전라남도,해남군,해남읍,신안 마을회관,전라남도 해남군 해남읍 신안길 82,전라남도 해남군 해남읍 신안리 138-1
340,전라남도,해남군,해남읍,안동 마을회관,전라남도 해남군 해남읍 안동길 24,전라남도 해남군 해남읍 안동리 175-2
341,전라남도,해남군,해남읍,옥동 마을회관,전라남도 해남군 해남읍 읍옥동길 73,전라남도 해남군 해남읍 연동리 371
342,전라남도,해남군,해남읍,연동 마을회관,전라남도 해남군 해남읍 녹우당길 106-11,전라남도 해남군 해남읍 연동리 48-1
343,전라남도,해남군,해남읍,남송 마을회관,전라남도 해남군 해남읍 남송1길 19,전라남도 해남군 해남읍 연동리 904
344,전라남도,해남군,해남읍,호천 마을회관,전라남도 해남군 해남읍 땅끝대로 45-32,전라남도 해남군 해남읍 용정리 24
345,전라남도,해남군,해남읍,송용 마을회관,전라남도 해남군 해남읍 용머리길 109,전라남도 해남군 해남읍 용정리 384-2
346,전라남도,해남군,해남읍,용정 마을회관,전라남도 해남군 해남읍 용정길 7,전라남도 해남군 해남읍 용정리 611-2
347,전라남도,해남군,해남읍,읍내 마을회관,전라남도 해남군 해남읍 천변2길 7,전라남도 해남군 해남읍 읍내리 69-10
348,전라남도,해남군,해남읍,평동 마을회관,전라남도 해남군 해남읍 평동길 26,전라남도 해남군 해남읍 평동리 120-1
349,전라남도,해남군,해남읍,중앙 마을회관,전라남도 해남군 해남읍 홍교로 55-5,전라남도 해남군 해남읍 평동리 29
350,전라남도,해남군,해남읍,해리 마을회관,전라남도 해남군 해남읍 북부순환로 57,전라남도 해남군 해남읍 해리 499-1
351,전라남도,해남군,해남읍,성동 마을회관,전라남도 해남군 해남읍 성동1길 18,전라남도 해남군 해남읍 해리 632-4
352,전라남도,해남군,현산면,학의 마을회관,전라남도 해남군 현산면 선비길 149,전라남도 해남군 현산면 고현리 1038-1
353,전라남도,해남군,현산면,고현 마을회관,전라남도 해남군 현산면 고현길 41,전라남도 해남군 현산면 고현리 322-1
354,전라남도,해남군,현산면,금제 마을회관,전라남도 해남군 현산면 금제길 34,전라남도 해남군 현산면 구산리 137-12
355,전라남도,해남군,현산면,방두 마을회관,전라남도 해남군 현산면 방두길 14-9,전라남도 해남군 현산면 구산리 41-5
356,전라남도,해남군,현산면,구산 마을회관,전라남도 해남군 현산면 구산길 8-1,전라남도 해남군 현산면 구산리 529-73
357,전라남도,해남군,현산면,하구시 마을회관,전라남도 해남군 현산면 하구시길 7,전라남도 해남군 현산면 구시리 815
358,전라남도,해남군,현산면,상구시 마을회관,전라남도 해남군 현산면 고산로 1350,전라남도 해남군 현산면 구시리 366
359,전라남도,해남군,현산면,덕흥 마을회관,전라남도 해남군 현산면 덕흥길 12,전라남도 해남군 현산면 덕흥리 363
360,전라남도,해남군,현산면,봉림 마을회관,전라남도 해남군 현산면 봉림길 5,전라남도 해남군 현산면 덕흥리 707-1
361,전라남도,해남군,현산면,만안 마을회관,전라남도 해남군 현산면 만안길 5,전라남도 해남군 현산면 만안길 311-2
362,전라남도,해남군,현산면,장등 마을회관,전라남도 해남군 현산면 장등길 91,전라남도 해남군 현산면 백포리 1554
363,전라남도,해남군,현산면,백포 마을회관,전라남도 해남군 현산면 백포길 138,전라남도 해남군 현산면 백포리 401-1
364,전라남도,해남군,현산면,두모 마을회관,전라남도 해남군 현산면 두모길 40,전라남도 해남군 현산면 백포리 716-7
365,전라남도,해남군,현산면,경수 마을회관,전라남도 해남군 현산면 백방산길 318,전라남도 해남군 현산면 백포리 843
366,전라남도,해남군,현산면,향교 마을회관,전라남도 해남군 현산면 향교리길 65,전라남도 해남군 현산면 월송리 1124-3
367,전라남도,해남군,현산면,매화 마을회관,전라남도 해남군 현산면 매화길 49-9,전라남도 해남군 현산면 월송리 200-6
368,전라남도,해남군,현산면,월송 마을회관,전라남도 해남군 현산면 월송길 16,전라남도 해남군 현산면 월송리 212-7
369,전라남도,해남군,현산면,시등 마을회관,전라남도 해남군 현산면 시등리길 21,전라남도 해남군 현산면 월송리 267-4
370,전라남도,해남군,현산면,증산 마을회관,전라남도 해남군 현산면 월금길 333,전라남도 해남군 현산면 월송리 410-1
371,전라남도,해남군,현산면,송촌 마을회관,전라남도 해남군 현산면 송촌길 14,전라남도 해남군 현산면 월송리 762-7
372,전라남도,해남군,현산면,고담 마을회관,전라남도 해남군 현산면 고담길 29,전라남도 해남군 현산면 읍호리 317-1
373,전라남도,해남군,현산면,읍호 마을회관,전라남도 해남군 현산면 읍호길 30,전라남도 해남군 현산면 읍호리 787-1
374,전라남도,해남군,현산면,공북 마을회관,전라남도 해남군 현산면 공북길 98,전라남도 해남군 현산면 일평리 280
375,전라남도,해남군,현산면,탑동 마을회관,전라남도 해남군 현산면 탑동리길 70,전라남도 해남군 현산면 일평리 700-1
376,전라남도,해남군,현산면,일평 마을회관,전라남도 해남군 현산면 일평길 10,전라남도 해남군 현산면 일평리 831-17
377,전라남도,해남군,현산면,신풍 마을회관,전라남도 해남군 현산면 신풍리길 56,전라남도 해남군 현산면 조산리 188
378,전라남도,해남군,현산면,조산 마을회관,전라남도 해남군 현산면 입제길 213,전라남도 해남군 현산면 조산리 369-1
379,전라남도,해남군,현산면,초호 마을회관,전라남도 해남군 현산면 초호길 48-4,전라남도 해남군 현산면 초호리 215
380,전라남도,해남군,현산면,신방 마을회관,전라남도 해남군 현산면 신방리길 38,전라남도 해남군 현산면 초호리 547-7
381,전라남도,해남군,현산면,봉동 마을회관,전라남도 해남군 현산면 봉동길 211,전라남도 해남군 현산면 황산리 106-61
382,전라남도,해남군,현산면,황산 마을회관,전라남도 해남군 현산면 황산리길 29,전라남도 해남군 현산면 황산리 482-7
383,전라남도,해남군,현산면,원진 마을회관,전라남도 해남군 현산면 원학길 79,전라남도 해남군 현산면 황산리 658-3
384,전라남도,해남군,현산면,분토 마을회관,전라남도 해남군 현산면 분토길 76,전라남도 해남군 현산면 황산리 918-1
385,전라남도,해남군,화산면,가좌 마을회관,전라남도 해남군 화산면 고천암로 410,전라남도 해남군 화산면 가좌리 311-1
386,전라남도,해남군,화산면,무학 마을회관,전라남도 해남군 화산면 무학길 115,전라남도 해남군 화산면 가좌리 750-1
387,전라남도,해남군,화산면,갑길 마을회관,전라남도 해남군 화산면 갑길리길 53,전라남도 해남군 화산면 부길리 592-1
388,전라남도,해남군,화산면,관동 마을회관,전라남도 해남군 화산면 풍혈길 264,전라남도 해남군 화산면 관동리 514-1
389,전라남도,해남군,화산면,명성 마을회관,전라남도 해남군 화산면 명성길 114,전라남도 해남군 화산면 관동리 859-4
390,전라남도,해남군,화산면,신풍 마을회관,전라남도 해남군 화산면 신풍길 25,전라남도 해남군 화산면 금풍길 523-3
391,전라남도,해남군,화산면,명금 마을회관,전라남도 해남군 화산면 명금길 17,전라남도 해남군 화산면 금풍리 41
392,전라남도,해남군,화산면,마명 마을회관,전라남도 해남군 화산면 화산초길 6-5,전라남도 해남군 화산면 방축리 384-2
393,전라남도,해남군,화산면,중앙 마을회관,전라남도 해남군 화산면 송평로 5-5,전라남도 해남군 화산면 방축리 468-29
394,전라남도,해남군,화산면,석전 마을회관,전라남도 해남군 화산면 석전길 8-1,전라남도 해남군 화산면 방축리 590-5
395,전라남도,해남군,화산면,방축 마을회관,전라남도 해남군 화산면 방축길 43,전라남도 해남군 화산면 방축리 782-2
396,전라남도,해남군,화산면,가장 마을회관,전라남도 해남군 화산면 가장길 28,전라남도 해남군 화산면 방축리 999-2
397,전라남도,해남군,화산면,은산 마을회관,전라남도 해남군 화산면 은산길 46,전라남도 해남군 화산면 부길리 175-1
398,전라남도,해남군,화산면,부길 마을회관,전라남도 해남군 화산면 부길리길 50,전라남도 해남군 화산면 부길리 244-1
399,전라남도,해남군,화산면,경도 마을회관,전라남도 해남군 화산면 경도길 56,전라남도 해남군 화산면 부길리 833-8
400,전라남도,해남군,화산면,상마 마을회관,전라남도 해남군 화산면 상마길 30-1,전라남도 해남군 화산면 삼마리 111-7
401,전라남도,해남군,화산면,중마 마을회관,전라남도 해남군 화산면 중마길 20,전라남도 해남군 화산면 삼마리 175
402,전라남도,해남군,화산면,하마 마을회관,전라남도 해남군 화산면 하마길 21,전라남도 해남군 화산면 삼마리 산 222
403,전라남도,해남군,화산면,흑석 마을회관,전라남도 해남군 화산면 흑석리길 63,전라남도 해남군 화산면 석호리 1084-4
404,전라남도,해남군,화산면,대지 마을회관,전라남도 해남군 화산면 대지큰길 59,전라남도 해남군 화산면 석호리 272
405,전라남도,해남군,화산면,좌일 마을회관,전라남도 해남군 화산면 좌일길 115,전라남도 해남군 화산면 석호리 614-1
406,전라남도,해남군,화산면,탄동 마을회관,전라남도 해남군 화산면 탄동길 83,전라남도 해남군 화산면 송산리 129-1
407,전라남도,해남군,화산면,송산 마을회관,전라남도 해남군 화산면 송산리길 43,전라남도 해남군 화산면 송산리 515
408,전라남도,해남군,화산면,주천 마을회관,전라남도 해남군 화산면 주천길 55,전라남도 해남군 화산면 송산리 805-6
409,전라남도,해남군,화산면,시목 마을회관,전라남도 해남군 화산면 감낭골길 11,전라남도 해남군 화산면 송산리 865-5
410,전라남도,해남군,화산면,안정 마을회관,전라남도 해남군 화산면 안정길 33,전라남도 해남군 화산면 안호리 373-1
411,전라남도,해남군,화산면,중정 마을회관,전라남도 해남군 화산면 중정길 42,전라남도 해남군 화산면 안호리 549
412,전라남도,해남군,화산면,송계 마을회관,전라남도 해남군 화산면 송계길 132-12,전라남도 해남군 화산면 안호리 779-2
413,전라남도,해남군,화산면,연곡 마을회관,전라남도 해남군 화산면 연곡길 85,전라남도 해남군 화산면 연곡리 446
414,전라남도,해남군,화산면,봉저 마을회관,전라남도 해남군 화산면 봉저길 28,전라남도 해남군 화산면 연곡리 692-1
415,전라남도,해남군,화산면,석정 마을회관,전라남도 해남군 화산면 석정길 42,전라남도 해남군 화산면 연정리 43
416,전라남도,해남군,화산면,연정 마을회관,전라남도 해남군 화산면 연정길 69-4,전라남도 해남군 화산면 연정리 663
417,전라남도,해남군,화산면,월호 마을회관,전라남도 해남군 화산면 월호길 9-14,전라남도 해남군 화산면 월호리 15
418,전라남도,해남군,화산면,선창 마을회관,전라남도 해남군 화산면 선창길 9,전라남도 해남군 화산면 월호리 625-3
419,전라남도,해남군,화산면,재동 마을회관,전라남도 해남군 화산면 재동길 9,전라남도 해남군 화산면 월호리 713
420,전라남도,해남군,화산면,율동 마을회관,전라남도 해남군 화산면 율동길 1,전라남도 해남군 화산면 율동리 297-1
421,전라남도,해남군,화산면,용덕 마을회관,전라남도 해남군 화산면 용덕길 63,전라남도 해남군 화산면 율동리 373
422,전라남도,해남군,화산면,평발 마을회관,전라남도 해남군 화산면 평발길 27,전라남도 해남군 화산면 평호리 245-1
423,전라남도,해남군,화산면,송평 마을회관,전라남도 해남군 화산면 송평1길 7,전라남도 해남군 화산면 평호리 422-3
424,전라남도,해남군,화산면,구성 마을회관,전라남도 해남군 화산면 구성리길 2,전라남도 해남군 화산면 평호리 691-2
425,전라남도,해남군,화산면,사포 마을회관,전라남도 해남군 화산면 사포길 58,전라남도 해남군 화산면 평호리 84-5
426,전라남도,해남군,화산면,해창 마을회관,전라남도 해남군 화산면 해창길 42,전라남도 해남군 화산면 해창리 72
427,전라남도,해남군,화산면,호동 마을회관,전라남도 해남군 화산면 월율길 83-31,전라남도 해남군 화산면 월호리 444-1
428,전라남도,해남군,화원면,구림 마을회관,전라남도 해남군 화원면 구림길 17-7,전라남도 해남군 화원면 구림리 150-1
429,전라남도,해남군,화원면,섬동 마을회관,전라남도 해남군 화원면 섬동길 67,전라남도 해남군 화원면 구림리 350-4
430,전라남도,해남군,화원면,억수 마을회관,전라남도 해남군 화원면 억수길 4,전라남도 해남군 화원면 구림리 391-1
431,전라남도,해남군,화원면,평리 마을회관,전라남도 해남군 화원면 금평길 39,전라남도 해남군 화원면 금평리 145-1
432,전라남도,해남군,화원면,절골 마을회관,전라남도 해남군 화원면 절골길 200,전라남도 해남군 화원면 금평리 496-2
433,전라남도,해남군,화원면,월산 마을회관,전라남도 해남군 화원면 월산길 63,전라남도 해남군 화원면 마산리 203-4
434,전라남도,해남군,화원면,마천 마을회관,전라남도 해남군 화원면 마천길 79,전라남도 해남군 화원면 마산리 489-1
435,전라남도,해남군,화원면,부동 마을회관,전라남도 해남군 화원면 조선소길 774-3,전라남도 해남군 화원면 매월리 229-4
436,전라남도,해남군,화원면,매계 마을회관,전라남도 해남군 화원면 매계길 32,전라남도 해남군 화원면 매월리 472
437,전라남도,해남군,화원면,월래 마을회관,전라남도 해남군 화원면 월래길 31,전라남도 해남군 화원면 매월리 576-1
438,전라남도,해남군,화원면,양화 마을회관,전라남도 해남군 화원면 양화길 41,전라남도 해남군 화원면 매월리 60-4
439,전라남도,해남군,화원면,산촌 마을회관,전라남도 해남군 화원면 신용리길 213,전라남도 해남군 화원면 산호리 1211-2
440,전라남도,해남군,화원면,학상 마을회관,전라남도 해남군 화원면 개초길 442,전라남도 해남군 화원면 산호리 1436-8
441,전라남도,해남군,화원면,산수 마을회관,전라남도 해남군 화원면 산수길 79,전라남도 해남군 화원면 산호리 256
442,전라남도,해남군,화원면,석호 마을회관,전라남도 해남군 화원면 석호리길 133-4,전라남도 해남군 화원면 산호리 821-1
443,전라남도,해남군,화원면,신용 마을회관,전라남도 해남군 화원면 신용리길 84,전라남도 해남군 화원면 산호리 900-8
444,전라남도,해남군,화원면,온수 마을회관,전라남도 해남군 화원면 온천길 42,전라남도 해남군 화원면 산호리 91
445,전라남도,해남군,화원면,가랍 마을회관,전라남도 해남군 화원면 문내화원로 659,전라남도 해남군 화원면 성산리 206-1
446,전라남도,해남군,화원면,척북 마을회관,전라남도 해남군 화원면 척북길 32,전라남도 해남군 화원면 성산리 622
447,전라남도,해남군,화원면,사동 마을회관,전라남도 해남군 화원면 신덕호길 435,전라남도 해남군 화원면 신덕리 1012-9
448,전라남도,해남군,화원면,신평 마을회관,전라남도 해남군 화원면 신평리길 31,전라남도 해남군 화원면 신덕리 1219
449,전라남도,해남군,화원면,저상 마을회관,전라남도 해남군 화원면 저상길 66,전라남도 해남군 화원면 영호리 243-1
450,전라남도,해남군,화원면,별암 마을회관,전라남도 해남군 화원면 별암길 39,전라남도 해남군 화원면 영호리 31
451,전라남도,해남군,화원면,구지 마을회관,전라남도 해남군 화원면 구지길 21,전라남도 해남군 화원면 영호리 497-6
452,전라남도,해남군,화원면,장재 마을회관,전라남도 해남군 화원면 장재길 15,전라남도 해남군 화원면 영호리 745-1
453,전라남도,해남군,화원면,월하 마을회관,전라남도 해남군 화원면 월하길 59-3,전라남도 해남군 화원면 월호리 141-3
454,전라남도,해남군,화원면,당포 마을회관,전라남도 해남군 화원면 당포길 20,전라남도 해남군 화원면 월호리 256
455,전라남도,해남군,화원면,수동 마을회관,전라남도 해남군 화원면 수동길 23,전라남도 해남군 화원면 월호리 676-5
456,전라남도,해남군,화원면,인지 마을회관,전라남도 해남군 화원면 인지길 24,전라남도 해남군 화원면 인지리 396-5
457,전라남도,해남군,화원면,장수 마을회관,전라남도 해남군 화원면 장수길 63-1,전라남도 해남군 화원면 인지리 806-4
458,전라남도,해남군,화원면,장평 마을회관,전라남도 해남군 화원면 장평길 63,전라남도 해남군 화원면 장춘리 350-5
459,전라남도,해남군,화원면,이목 마을회관,전라남도 해남군 화원면 이목길 44-16,전라남도 해남군 화원면 장춘리 624-1
460,전라남도,해남군,화원면,중리 마을회관,전라남도 해남군 화원면 청용2길 6-6,전라남도 해남군 화원면 청용리 276
461,전라남도,해남군,화원면,상리 마을회관,전라남도 해남군 화원면 청용1길 50,전라남도 해남군 화원면 청용리 378-1
462,전라남도,해남군,화원면,하리 마을회관,전라남도 해남군 화원면 금평길 14-8,전라남도 해남군 화원면 청용리 543-11
463,전라남도,해남군,화원면,신주광 마을회관,전라남도 해남군 화원면 청용새길 43,전라남도 해남군 화원면 청용리 573-4
464,전라남도,해남군,화원면,초동 마을회관,전라남도 해남군 화원면 초동길 23,전라남도 해남군 화원면 화봉리 571-1
465,전라남도,해남군,화원면,화봉 마을회관,전라남도 해남군 화원면 화봉길 93,전라남도 해남군 화원면 화봉리 89-5
466,전라남도,해남군,화원면,가마 마을회관,전라남도 해남군 화원면 질마가마길 248,전라남도 해남군 화원면 후산리 104
467,전라남도,해남군,화원면,온덕 마을회관,전라남도 해남군 화원면 매봉길 96,전라남도 해남군 화원면 후산리 1067-8
468,전라남도,해남군,화원면,질마 마을회관,전라남도 해남군 화원면 질마가마길 130-10,전라남도 해남군 화원면 후산리 237-4
469,전라남도,해남군,화원면,후포 마을회관,전라남도 해남군 화원면 후포길 45,전라남도 해남군 화원면 후산리 418-2
470,전라남도,해남군,화원면,송촌 마을회관,전라남도 해남군 화원면 송촌리길 5,전라남도 해남군 화원면 후산리 572
471,전라남도,해남군,황산면,내산 마을회관,전라남도 해남군 황산면 내산길 39,전라남도 해남군 황산면 관춘리 1063
472,전라남도,해남군,황산면,신성 마을회관,전라남도 해남군 황산면 신성길 114,전라남도 해남군 황산면 관춘리 168-1
473,전라남도,해남군,황산면,관춘 마을회관,전라남도 해남군 황산면 관춘길 183,전라남도 해남군 황산면 관춘리 368-1
474,전라남도,해남군,황산면,산동 마을회관,전라남도 해남군 황산면 산동길 31,전라남도 해남군 황산면 관춘리 646
475,전라남도,해남군,황산면,평덕 마을회관,전라남도 해남군 황산면 평덕길 106,전라남도 해남군 황산면 관춘리 894-1
476,전라남도,해남군,황산면,성만 마을회관,전라남도 해남군 황산면 성만큰길 121,전라남도 해남군 황산면 관춘리 산 83-16
477,전라남도,해남군,황산면,남리 마을회관,전라남도 해남군 황산면 남리길 182,전라남도 해남군 황산면 남리리 764-1
478,전라남도,해남군,황산면,신곡 마을회관,전라남도 해남군 황산면 부곡안길 30,전라남도 해남군 황산면 부곡리 100-4
479,전라남도,해남군,황산면,부곡 마을회관,전라남도 해남군 황산면 부곡안길 66-5,전라남도 해남군 황산면 부곡리 136-2
480,전라남도,해남군,황산면,성산 마을회관,전라남도 해남군 황산면 아리랑길 76-1,전라남도 해남군 황산면 부곡리 365-38
481,전라남도,해남군,황산면,춘정 마을회관,전라남도 해남군 황산면 춘정길 18,전라남도 해남군 황산면 부곡리 492-5
482,전라남도,해남군,황산면,소정 마을회관,전라남도 해남군 황산면 명량로 1112-6,전라남도 해남군 황산면 부곡리 695-4
483,전라남도,해남군,황산면,송호 마을회관,전라남도 해남군 황산면 송호마을길 39,전라남도 해남군 황산면 송호리 216-1
484,전라남도,해남군,황산면,만년 마을회관,전라남도 해남군 황산면 만년길 56,전라남도 해남군 황산면 송호리 385-6
485,전라남도,해남군,황산면,병온 마을회관,전라남도 해남군 황산면 연우길 335,전라남도 해남군 황산면 송호리 688-3
486,전라남도,해남군,황산면,연당 마을회관(신),전라남도 해남군 황산면 연당길 119,전라남도 해남군 황산면 연당리 198
487,전라남도,해남군,황산면,연당 마을회관(구),전라남도 해남군 황산면 연당길 47,전라남도 해남군 황산면 연당리 240-3
488,전라남도,해남군,황산면,덕암 마을회관,전라남도 해남군 황산면 덕암길 25,전라남도 해남군 황산면 연당리 35-1
489,전라남도,해남군,황산면,와등 마을회관(구),전라남도 해남군 황산면 와청길 24,전라남도 해남군 황산면 연호리 127-3
490,전라남도,해남군,황산면,연호 마을회관,전라남도 해남군 황산면 연호길 18,전라남도 해남군 황산면 연호리 406-1
491,전라남도,해남군,황산면,청룡 마을회관,전라남도 해남군 황산면 원금길 291,전라남도 해남군 황산면 연호리 496-6
492,전라남도,해남군,황산면,와등 마을회관(신),전라남도 해남군 황산면 행치길 57-1,전라남도 해남군 황산면 연호리 79-6
493,전라남도,해남군,황산면,연자 마을회관,전라남도 해남군 황산면 연우길 65,전라남도 해남군 황산면 연호리 산110-3
494,전라남도,해남군,황산면,옥동 마을회관,전라남도 해남군 황산면 장골길 40,전라남도 해남군 황산면 옥동리 115-3
495,전라남도,해남군,황산면,삼호 마을회관,전라남도 해남군 황산면 삼호길 54,전라남도 해남군 황산면 옥동리 206-4
496,전라남도,해남군,황산면,옥연 마을회관,전라남도 해남군 황산면 명량로 942-8,전라남도 해남군 황산면 옥동리 29-19
497,전라남도,해남군,황산면,초월 마을회관,전라남도 해남군 황산면 초월길 57,전라남도 해남군 황산면 외입리 36-1
498,전라남도,해남군,황산면,송청 마을회관,전라남도 해남군 황산면 외입길 196,전라남도 해남군 황산면 외입리 579-2
499,전라남도,해남군,황산면,외입 마을회관,전라남도 해남군 황산면 외입길 112,전라남도 해남군 황산면 외입리 908-1
500,전라남도,해남군,황산면,우항 마을회관,전라남도 해남군 황산면 우항길 60,전라남도 해남군 황산면 우항리 317-1
501,전라남도,해남군,황산면,관두 마을회관,전라남도 해남군 황산면 시등로 47-29,전라남도 해남군 황산면 우항리 35-7
502,전라남도,해남군,황산면,시등 마을회관,전라남도 해남군 황산면 시등로 122-10,전라남도 해남군 황산면 우항리 499-16
503,전라남도,해남군,황산면,기성 마을회관,전라남도 해남군 황산면 기성길 54,전라남도 해남군 황산면 우항리 573-1
504,전라남도,해남군,황산면,학동 마을회관,전라남도 해남군 황산면 학동마을길 267,전라남도 해남군 황산면 원호리 175-3
505,전라남도,해남군,황산면,교동 마을회관,전라남도 해남군 황산면 교동길 60,전라남도 해남군 황산면 원호리 324-3
506,전라남도,해남군,황산면,원호 마을회관,전라남도 해남군 황산면 명량로 2101-7,전라남도 해남군 황산면 원호리 639-4
507,전라남도,해남군,황산면,이목 마을회관(구),전라남도 해남군 황산면 용쇄골길 20,전라남도 해남군 황산면 일신리 29-37
508,전라남도,해남군,황산면,일신 마을회관,전라남도 해남군 황산면 일신길 106,전라남도 해남군 황산면 일신리 354-1
509,전라남도,해남군,황산면,이목 마을회관(신),전라남도 해남군 황산면 명량로 2385-4,전라남도 해남군 황산면 일신리 45-8
510,전라남도,해남군,황산면,징의 마을회관,전라남도 해남군 황산면 징의길 19,전라남도 해남군 황산면 한자리 1146
511,전라남도,해남군,황산면,신정 마을회관,전라남도 해남군 황산면 고천암로 1186,전라남도 해남군 황산면 한자리 226-15
512,전라남도,해남군,황산면,한자 마을회관,전라남도 해남군 황산면 한자길 34,전라남도 해남군 황산면 한자리 528-1
513,전라남도,해남군,황산면,산소 마을회관,전라남도 해남군 황산면 산소길 17,전라남도 해남군 황산면 한자리 619-4
514,전라남도,해남군,황산면,호동 마을회관,전라남도 해남군 황산면 호동리 133-5,전라남도 해남군 황산면 호동리 133-5
515,전라남도,해남군,황산면,한아 마을회관,전라남도 해남군 황산면 한아길 39,전라남도 해남군 황산면 호동리 477-2
516,전라남도,해남군,황산면,신흥 마을회관,전라남도 해남군 황산면 염수들길 38,전라남도 해남군 황산면 호동리 797-1
