시도명,시군구명,구분,회관명,소재지,규모(제곱미터),데이터기준일자
전라남도,곡성군,곡성읍,읍내1구 마을회관,전라남도 곡성군 곡성읍 읍내리 485,66.1,2021-09-26
전라남도,곡성군,곡성읍,읍내2구 마을회관,전라남도 곡성군 곡성읍 읍내리 181-4,92.9,2021-09-26
전라남도,곡성군,곡성읍,읍내3구 마을회관,전라남도 곡성군 곡성읍 읍내리 365-1,112.7,2021-09-26
전라남도,곡성군,곡성읍,읍내4구 마을회관,전라남도 곡성군 곡성읍 읍내리 202-1,73.9,2021-09-26
전라남도,곡성군,곡성읍,읍내5구 마을회관,전라남도 곡성군 곡성읍 읍내리 416-9,115.2,2021-09-26
전라남도,곡성군,곡성읍,읍내6구 마을회관,전라남도 곡성군 곡성읍 읍내리 810-4,48.5,2021-09-26
전라남도,곡성군,곡성읍,읍내7구 마을회관,전라남도 곡성군 곡성읍 읍내리 774-7,60,2021-09-26
전라남도,곡성군,곡성읍,학정1구 마을회관,전라남도 곡성군 곡성읍 학정리 451-6,82.5,2021-09-26
전라남도,곡성군,곡성읍,학정2구 마을회관,전라남도 곡성군 곡성읍 학정리 546-1,89.7,2021-09-26
전라남도,곡성군,곡성읍,교촌리 마을회관,전라남도 곡성군 곡성읍 교촌리 156,58.3,2021-09-26
전라남도,곡성군,곡성읍,죽동리 마을회관,전라남도 곡성군 곡성읍 죽동리 224-1,204.4,2021-09-26
전라남도,곡성군,곡성읍,신월리 마을회관,전라남도 곡성군 곡성읍 신월리 80-34,132,2021-09-26
전라남도,곡성군,곡성읍,월평리 마을회관,전라남도 곡성군 곡성읍 월평리 290-7,92,2021-09-26
전라남도,곡성군,곡성읍,월봉리 마을회관,전라남도 곡성군 곡성읍 월봉리 83-3,68,2021-09-26
전라남도,곡성군,곡성읍,구원1구 마을회관,전라남도 곡성군 곡성읍 구원리 711-1,58.3,2021-09-26
전라남도,곡성군,곡성읍,구원2구 마을회관,전라남도 곡성군 곡성읍 구원리 424-2 외1,156.2,2021-09-26
전라남도,곡성군,곡성읍,서계리 마을회관,전라남도 곡성군 곡성읍 서계리 46-2,66.2,2021-09-26
전라남도,곡성군,곡성읍,대평1구 마을회관,전라남도 곡성군 곡성읍 대평리 832-9,96.2,2021-09-26
전라남도,곡성군,곡성읍,대평2구 마을회관,전라남도 곡성군 곡성읍 대평리 716-1,82.6,2021-09-26
전라남도,곡성군,곡성읍,대평3구 마을회관,전라남도 곡성군 곡성읍 대평리 1008-1,79.3,2021-09-26
전라남도,곡성군,곡성읍,신리 마을회관,전라남도 곡성군 곡성읍 신리 325-1 외1,99,2021-09-26
전라남도,곡성군,곡성읍,동산리 마을회관,전라남도 곡성군 곡성읍 동산리 58,97.1,2021-09-26
전라남도,곡성군,곡성읍,장선1구 마을회관,전라남도 곡성군 곡성읍 장선리 313,85,2021-09-26
전라남도,곡성군,곡성읍,장선2구 마을회관,전라남도 곡성군 곡성읍 장선리 398-5,85.2,2021-09-26
전라남도,곡성군,곡성읍,신기1구 마을회관,전라남도 곡성군 곡성읍 신기리 665-4,98,2021-09-26
전라남도,곡성군,곡성읍,신기2구 마을회관,전라남도 곡성군 곡성읍 신기리 302-4,97.5,2021-09-26
전라남도,곡성군,곡성읍,신기3구 마을회관,전라남도 곡성군 곡성읍 신기리 823,85,2021-09-26
전라남도,곡성군,곡성읍,묘천1구 마을회관,전라남도 곡성군 곡성읍 묘천리 40,83,2021-09-26
전라남도,곡성군,곡성읍,묘천2구 마을회관,전라남도 곡성군 곡성읍 묘천리 189-2,47.4,2021-09-26
전라남도,곡성군,오곡면,오지1구 마을회관,전라남도 곡성군 오곡면 오지3길 6-1,91.1,2021-09-26
전라남도,곡성군,오곡면,오지2구 마을회관,전라남도 곡성군 오곡면 오지4길 19-1,106.2,2021-09-26
전라남도,곡성군,오곡면,오지3구 마을회관,전라남도 곡성군 오곡면 오지8길 13,91.8,2021-09-26
전라남도,곡성군,오곡면,오지4구 마을회관,전라남도 곡성군 오곡면 오지5길 6,78.4,2021-09-26
전라남도,곡성군,오곡면,오지5구 마을회관,전라남도 곡성군 오곡면 오지3길 17,50.9,2021-09-26
전라남도,곡성군,오곡면,오지6구 마을회관,전라남도 곡성군 오곡면 기차마을로 220-6,94.5,2021-09-26
전라남도,곡성군,오곡면,오지7구 마을회관,전라남도 곡성군 오곡면 오지당산길 24,82.6,2021-09-26
전라남도,곡성군,오곡면,오지8구 마을회관,전라남도 곡성군 오곡면 오지신동길 28,40.7,2021-09-26
전라남도,곡성군,오곡면,덕산리 마을회관,전라남도 곡성군 오곡면 덕산양지길 6,86.1,2021-09-26
전라남도,곡성군,오곡면,침곡리 마을회관,전라남도 곡성군 오곡면 침곡길 24,66,2021-09-26
전라남도,곡성군,오곡면,송정리 마을회관,전라남도 곡성군 오곡면 심청로 26,63.2,2021-09-26
전라남도,곡성군,오곡면,봉조1구 마을회관,전라남도 곡성군 오곡면 봉조길 324-12,48.1,2021-09-26
전라남도,곡성군,오곡면,봉조2구 마을회관,전라남도 곡성군 오곡면 현조길 47-45,50.7,2021-09-26
전라남도,곡성군,오곡면,압록1구 마을회관,전라남도 곡성군 오곡면 섬진강로 1061-3,81.4,2021-09-26
전라남도,곡성군,오곡면,압록2구 마을회관,전라남도 곡성군 오곡면 봉조길 37,65.8,2021-09-26
전라남도,곡성군,오곡면,승법리 마을회관,전라남도 곡성군 오곡면 승법길 106,78.5,2021-09-26
전라남도,곡성군,오곡면,명산리 마을회관,전라남도 곡성군 오곡면 명산길 103,73.2,2021-09-26
전라남도,곡성군,오곡면,구성1구 마을회관,전라남도 곡성군 오곡면 구성장성길 5,90.5,2021-09-26
전라남도,곡성군,오곡면,구성2구 마을회관,전라남도 곡성군 오곡면 구성길 5-4,83.9,2021-09-26
전라남도,곡성군,오곡면,미산1구 마을회관,전라남도 곡성군 오곡면 미산산수길 14,78.8,2021-09-26
전라남도,곡성군,오곡면,미산2구 마을회관,전라남도 곡성군 오곡면 미산번다몰길 10,52.9,2021-09-26
전라남도,곡성군,오곡면,미산3구 마을회관,전라남도 곡성군 오곡면 미산미륵길 14,73.6,2021-09-26
전라남도,곡성군,삼기면,원등1구 마을회관,전라남도 곡성군 삼기면 원등리 922-1,57.6,2021-09-26
전라남도,곡성군,삼기면,원등2구 마을회관,전라남도 곡성군 삼기면 원등리 1096-1,62.7,2021-09-26
전라남도,곡성군,삼기면,원등3구 마을회관,전라남도 곡성군 삼기면 원등리 299-1,65.3,2021-09-26
전라남도,곡성군,삼기면,학동 마을회관,전라남도 곡성군 삼기면 원등리 325,72.9,2021-09-26
전라남도,곡성군,삼기면,덕동 마을회관,전라남도 곡성군 삼기면 원등리 441-1,46.2,2021-09-26
전라남도,곡성군,삼기면,월경 마을회관,전라남도 곡성군 삼기면 월경리 88,93.8,2021-09-26
전라남도,곡성군,삼기면,행정 마을회관,전라남도 곡성군 삼기면 월경리 321-3,66,2021-09-26
전라남도,곡성군,삼기면,연봉 마을회관,전라남도 곡성군 삼기면 괴소리 647-1,101.9,2021-09-26
전라남도,곡성군,삼기면,괴소 마을회관,전라남도 곡성군 삼기면 괴소리 137,89.3,2021-09-26
전라남도,곡성군,삼기면,서봉 마을회관,전라남도 곡성군 삼기면 의암리 313-1,52.1,2021-09-26
전라남도,곡성군,삼기면,의암 마을회관,전라남도 곡성군 삼기면 의암리 313-1,66,2021-09-26
전라남도,곡성군,삼기면,금반 마을회관,전라남도 곡성군 삼기면 금반리 601,64.4,2021-09-26
전라남도,곡성군,삼기면,율곡 마을회관,전라남도 곡성군 삼기면 금반리 183-1 외1,71.3,2021-09-26
전라남도,곡성군,삼기면,청계 마을회관,전라남도 곡성군 삼기면 청계리 276-1 외2,58.3,2021-09-26
전라남도,곡성군,삼기면,봉현 마을회관,전라남도 곡성군 삼기면 청계리 151,149.2,2021-09-26
전라남도,곡성군,삼기면,농소1구 마을회관,전라남도 곡성군 삼기면 농소리 479-5 외5,66.6,2021-09-26
전라남도,곡성군,삼기면,농소2구 마을회관,전라남도 곡성군 삼기면 농소리 274,60.9,2021-09-26
전라남도,곡성군,삼기면,대명 마을회관,전라남도 곡성군 삼기면 농소리 208-1,52.6,2021-09-26
전라남도,곡성군,삼기면,노동 마을회관,전라남도 곡성군 삼기면 노동길 95,60.5,2021-09-26
전라남도,곡성군,삼기면,남계 마을회관,전라남도 곡성군 삼기면 남계길 43-1,66,2021-09-26
전라남도,곡성군,삼기면,수산1구 마을회관,전라남도 곡성군 삼기면 수산리 215,78.7,2021-09-26
전라남도,곡성군,삼기면,수산2구 마을회관,전라남도 곡성군 삼기면 수산리 117-1,85,2021-09-26
전라남도,곡성군,삼기면,근촌 마을회관,전라남도 곡성군 삼기면 근촌리 520번지 외1,87.6,2021-09-26
전라남도,곡성군,삼기면,수석 마을회관,전라남도 곡성군 삼기면 근촌리 70,65.8,2021-09-26
전라남도,곡성군,삼기면,경악 마을회관,전라남도 곡성군 삼기면 경악리 156,64.8,2021-09-26
전라남도,곡성군,삼기면,금계 마을회관,전라남도 곡성군 삼기면 금계리 378,49.5,2021-09-26
전라남도,곡성군,석곡면,월봉 마을회관,전라남도 곡성군 석곡면 석곡3길 22-1,90.8,2021-09-26
전라남도,곡성군,석곡면,흥지 마을회관,전라남도 곡성군 석곡면 석곡10길 3,96.7,2021-09-26
전라남도,곡성군,석곡면,능파 마을회관,전라남도 곡성군 석곡면 능파2길 22,46,2021-09-26
전라남도,곡성군,석곡면,능암 마을회관,전라남도 곡성군 석곡면 능파2길 36-2,71.1,2021-09-26
전라남도,곡성군,석곡면,덕동 마을회관,전라남도 곡성군 석곡면 덕흥길 65,83.4,2021-09-26
전라남도,곡성군,석곡면,대흥 마을회관,전라남도 곡성군 석곡면 대흥리길 10,89.2,2021-09-26
전라남도,곡성군,석곡면,당지 마을회관,전라남도 곡성군 석곡면 당지길 33,62.5,2021-09-26
전라남도,곡성군,석곡면,월계 마을회관,전라남도 곡성군 석곡면 월계길 130,78.3,2021-09-26
전라남도,곡성군,석곡면,마산 마을회관,전라남도 곡성군 석곡면 마산길 21-2,71.5,2021-09-26
전라남도,곡성군,석곡면,용주 마을회관,전라남도 곡성군 석곡면 용주길 114,66,2021-09-26
전라남도,곡성군,석곡면,방주 마을회관,전라남도 곡성군 석곡면 방주길 142-12,55.1,2021-09-26
전라남도,곡성군,석곡면,상송 마을회관,전라남도 곡성군 석곡면 방송길 211-1,60,2021-09-26
전라남도,곡성군,석곡면,하송 마을회관,전라남도 곡성군 석곡면 방송1길 23-1,57.6,2021-09-26
전라남도,곡성군,석곡면,여운 마을회관,전라남도 곡성군 석곡면 연반여운길 278,56.2,2021-09-26
전라남도,곡성군,석곡면,용반 마을회관,전라남도 곡성군 석곡면 용반길 15-2,49,2021-09-26
전라남도,곡성군,석곡면,연동 마을회관,전라남도 곡성군 석곡면 용반길 15-2,49.5,2021-09-26
전라남도,곡성군,석곡면,전기 마을회관,전라남도 곡성군 석곡면 전기길 60,149.2,2021-09-26
전라남도,곡성군,석곡면,죽산 마을회관,전라남도 곡성군 석곡면 죽산길 104,98.9,2021-09-26
전라남도,곡성군,석곡면,온수1구 마을회관,전라남도 곡성군 석곡면 온수길 52,69,2021-09-26
전라남도,곡성군,석곡면,온수2구 마을회관,전라남도 곡성군 석곡면 온수길 16,65.9,2021-09-26
전라남도,곡성군,석곡면,을곡 마을회관,전라남도 곡성군 석곡면 염곡길 31,66,2021-09-26
전라남도,곡성군,석곡면,염촌 마을회관,전라남도 곡성군 석곡면 염곡길 17,66,2021-09-26
전라남도,곡성군,석곡면,기동 마을회관,전라남도 곡성군 석곡면 염곡기동길 13,60.1,2021-09-26
전라남도,곡성군,석곡면,유정1구 마을회관,전라남도 곡성군 석곡면 행정길 24-5,55,2021-09-26
전라남도,곡성군,석곡면,유정2구 마을회관,전라남도 곡성군 석곡면 유평길 7-3,93.2,2021-09-26
전라남도,곡성군,석곡면,홍척 마을회관,전라남도 곡성군 석곡면 홍척길 46,66.3,2021-09-26
전라남도,곡성군,석곡면,등구 마을회관,전라남도 곡성군 석곡면 등구길 5,73.1,2021-09-26
전라남도,곡성군,석곡면,봉림 마을회관,전라남도 곡성군 석곡면 구봉길 205,66,2021-09-26
전라남도,곡성군,석곡면,두지 마을회관,전라남도 곡성군 석곡면 두지길 22,62,2021-09-26
전라남도,곡성군,석곡면,봉암 마을회관,전라남도 곡성군 석곡면 봉암길 11,63.8,2021-09-26
전라남도,곡성군,목사동면,평리1구 마을회관,전라남도 곡성군 목사동면 평리 180-1,165.6,2021-09-26
전라남도,곡성군,목사동면,평리2구 마을회관,전라남도 곡성군 목사동면 평리 229-4,83.9,2021-09-26
전라남도,곡성군,목사동면,평리3구 마을회관,전라남도 곡성군 목사동면 평리3구 476,65.9,2021-09-26
전라남도,곡성군,목사동면,동암 마을회관,전라남도 곡성군 목사동면 동암리 137-5,83.9,2021-09-26
전라남도,곡성군,목사동면,구룡 마을회관,전라남도 곡성군 목사동면 구룡리  99-2,78.6,2021-09-26
전라남도,곡성군,목사동면,용사1구 마을회관,전라남도 곡성군 목사동면 용사리 200,59.9,2021-09-26
전라남도,곡성군,목사동면,용사2구 마을회관,전라남도 곡성군 목사동면 용사리 19-2,67.6,2021-09-26
전라남도,곡성군,목사동면,수곡1구 마을회관,전라남도 곡성군 목사동면 수곡리 463-1,60.5,2021-09-26
전라남도,곡성군,목사동면,수곡2구 마을회관,전라남도 곡성군 목사동면 수곡리 349,68.8,2021-09-26
전라남도,곡성군,목사동면,범계1구 마을회관,전라남도 곡성군 목사동면 범계110-4,72.7,2021-09-26
전라남도,곡성군,목사동면,범계2구 마을회관,전라남도 곡성군 목사동면 범계 84,43.2,2021-09-26
전라남도,곡성군,목사동면,공북1구 마을회관,전라남도 곡성군 목사동면 공북리 406-1,82.9,2021-09-26
전라남도,곡성군,목사동면,공북2구 마을회관,전라남도 곡성군 목사동면 공북리 44 외1,72.9,2021-09-26
전라남도,곡성군,목사동면,대곡1구 마을회관,전라남도 곡성군 목사동면 대곡리 1345-2,56.5,2021-09-26
전라남도,곡성군,목사동면,대곡2구 마을회관,전라남도 곡성군 목사동면 대곡리 493,70.9,2021-09-26
전라남도,곡성군,목사동면,대곡3구 마을회관,전라남도 곡성군 목사동면 대곡리 348-1,71.3,2021-09-26
전라남도,곡성군,목사동면,신기 마을회관,전라남도 곡성군 목사동면 신기리 108-1 외1,98,2021-09-26
전라남도,곡성군,목사동면,신전1구 마을회관,전라남도 곡성군 목사동면 신전리 555-1,63.4,2021-09-26
전라남도,곡성군,목사동면,신전2구 마을회관,전라남도 곡성군 목사동면 신전리 974,59,2021-09-26
전라남도,곡성군,목사동면,죽정1구 마을회관,전라남도 곡성군 목사동면 죽정리 751-1,73.8,2021-09-26
전라남도,곡성군,목사동면,죽정2구 마을회관,전라남도 곡성군 목사동면 죽정리 608,80.7,2021-09-26
전라남도,곡성군,목사동면,죽정3구 마을회관,전라남도 곡성군 목사동면 죽정리 172,93.4,2021-09-26
전라남도,곡성군,목사동면,용봉1구 마을회관,전라남도 곡성군 목사동면 용봉리 621-2,65.7,2021-09-26
전라남도,곡성군,목사동면,용봉2구 마을회관,전라남도 곡성군 목사동면 용봉리 471-2 외1,84.5,2021-09-26
전라남도,곡성군,죽곡면,하죽 마을회관,전라남도 곡성군 죽곡면 태평리 248,97.5,2021-09-26
전라남도,곡성군,죽곡면,태평 마을회관,전라남도 곡성군 죽곡면 태평리 428,74.3,2021-09-26
전라남도,곡성군,죽곡면,화양 마을회관,전라남도 곡성군 죽곡면 화양리 164-1,71,2021-09-26
전라남도,곡성군,죽곡면,봉정 마을회관,전라남도 곡성군 죽곡면 봉정리 505-1,84.2,2021-09-26
전라남도,곡성군,죽곡면,죽성 마을회관,전라남도 곡성군 죽곡면 봉정리 321-4,70.2,2021-09-26
전라남도,곡성군,죽곡면,덕양 마을회관,전라남도 곡성군 죽곡면 봉정리 135-1,51,2021-09-26
전라남도,곡성군,죽곡면,신풍 마을회관,전라남도 곡성군 죽곡면 신풍리 545-3,66,2021-09-26
전라남도,곡성군,죽곡면,반송 마을회관,전라남도 곡성군 죽곡면 반송리 292-9,104.9,2021-09-26
전라남도,곡성군,죽곡면,연화 마을회관,전라남도 곡성군 죽곡면 연화리 87,95.6,2021-09-26
전라남도,곡성군,죽곡면,삼태 마을회관,전라남도 곡성군 죽곡면 삼태리 406,72,2021-09-26
전라남도,곡성군,죽곡면,당동 마을회관,전라남도 곡성군 죽곡면 당동리 405,40.1,2021-09-26
전라남도,곡성군,죽곡면,서정 마을회관,전라남도 곡성군 죽곡면 당동리 370,49.5,2021-09-26
전라남도,곡성군,죽곡면,본토 마을회관,전라남도 곡성군 죽곡면 당동리 223,64.7,2021-09-26
전라남도,곡성군,죽곡면,남양 마을회관,전라남도 곡성군 죽곡면 남양리 197-4,56.7,2021-09-26
전라남도,곡성군,죽곡면,비봉 마을회관,전라남도 곡성군 죽곡면 유봉리 433-8,54.5,2021-09-26
전라남도,곡성군,죽곡면,유봉 마을회관,전라남도 곡성군 죽곡면 유봉리 549-6,76.2,2021-09-26
전라남도,곡성군,죽곡면,동계 마을회관,전라남도 곡성군 죽곡면 동계리 567-1,85.1,2021-09-26
전라남도,곡성군,죽곡면,창기 마을회관,전라남도 곡성군 죽곡면 동계리 194-1,59.1,2021-09-26
전라남도,곡성군,죽곡면,삼송 마을회관,전라남도 곡성군 죽곡면 동계리 70-1,95.9,2021-09-26
전라남도,곡성군,죽곡면,건모 마을회관,전라남도 곡성군 죽곡면 원달리 762-3,76,2021-09-26
전라남도,곡성군,죽곡면,원달 마을회관,전라남도 곡성군 죽곡면 원달리 283-2,207.5,2021-09-26
전라남도,곡성군,죽곡면,고치 마을회관,전라남도 곡성군 죽곡면 고치리 383-1,51.5,2021-09-26
전라남도,곡성군,죽곡면,용정 마을회관,전라남도 곡성군 죽곡면 용정리 173-1,69.8,2021-09-26
전라남도,곡성군,죽곡면,북소 마을회관,전라남도 곡성군 죽곡면 용정리 247-4,65.4,2021-09-26
전라남도,곡성군,죽곡면,하한 마을회관,전라남도 곡성군 죽곡면 하한리 323,97.7,2021-09-26
전라남도,곡성군,죽곡면,상한 마을회관,전라남도 곡성군 죽곡면 하한리 648,59.1,2021-09-26
전라남도,곡성군,죽곡면,조사 마을회관,전라남도 곡성군 죽곡면 하한리 158,39.1,2021-09-26
전라남도,곡성군,고달면,목동1구 마을회관,전라남도 곡성군 고달면 목동1길 20-2,69,2021-09-26
전라남도,곡성군,고달면,목동2구 마을회관,전라남도 곡성군 고달면 목동2길 7,66,2021-09-26
전라남도,곡성군,고달면,목동3구 마을회관,전라남도 곡성군 고달면 목동3길 22,55,2021-09-26
전라남도,곡성군,고달면,뇌연 마을회관,전라남도 곡성군 고달면 뇌연길 90,61,2021-09-26
전라남도,곡성군,고달면,죽림 마을회관,전라남도 곡성군 고달면 죽림마을길 28-1,165,2021-09-26
전라남도,곡성군,고달면,대사 마을회관,전라남도 곡성군 고달며 대사로 189,73,2021-09-26
전라남도,곡성군,고달면,사동 마을회관,전라남도 곡성군 고달면 사동길 11,59,2021-09-26
전라남도,곡성군,고달면,백곡 마을회관,전라남도 곡성군 고달면 백곡길 17,77,2021-09-26
전라남도,곡성군,고달면,상백 마을회관,전라남도 곡성군 고달면 상백길 134,69,2021-09-26
전라남도,곡성군,고달면,고달 마을회관,전라남도 곡성군 고달면 고달길 195,73,2021-09-26
전라남도,곡성군,고달면,수월 마을회관,전라남도 곡성군 고달면 수월길 33-3,52,2021-09-26
전라남도,곡성군,고달면,호곡 마을회관,전라남도 곡성군 고달면 호곡1길 361-6,43,2021-09-26
전라남도,곡성군,고달면,두계 마을회관,전라남도 곡성군 고달면 두계길 126,66,2021-09-26
전라남도,곡성군,고달면,가정 마을회관,전라남도 곡성군 고달면 가정마을길 71,35,2021-09-26
전라남도,곡성군,옥과면,광암 마을회관,전라남도 곡성군 고달면 광암길 23-7,114.5,2021-09-26
전라남도,곡성군,옥과면,금단 마을회관,전라남도 곡성군 고달면 금단1길8-13,99.8,2021-09-26
전라남도,곡성군,옥과면,금의 마을회관,전라남도 곡성군 고달면 무창3길 11-4,99.4,2021-09-26
전라남도,곡성군,옥과면,리문 마을회관,전라남도 곡성군 고달면 리문6길 18,132.4,2021-09-26
전라남도,곡성군,옥과면,무창 마을회관,전라남도 곡성군 옥과면 무창1길 25-16,45.1,2021-09-26
전라남도,곡성군,옥과면,배감 마을회관,전라남도 곡성군 옥과면 배감길 117,68.4,2021-09-26
전라남도,곡성군,옥과면,보정 마을회관,전라남도 곡성군 옥과면 보정길 50,126.5,2021-09-26
전라남도,곡성군,옥과면,설옥 마을회관,전라남도 곡성군 옥과면 설옥길 59,66.1,2021-09-26
전라남도,곡성군,옥과면,소룡 마을회관,전라남도 곡성군 옥과면 소룡길 254,141.3,2021-09-26
전라남도,곡성군,옥과면,수리 마을회관,전라남도 곡성군 옥과면 수리길 46-8,86.3,2021-09-26
전라남도,곡성군,옥과면,신수 마을회관,전라남도 곡성군 옥과면 신수길 21,66,2021-09-26
전라남도,곡성군,옥과면,신흥 마을회관,전라남도 곡성군 옥과면 무창길 20,82.5,2021-09-26
전라남도,곡성군,옥과면,옥과 마을회관,전라남도 곡성군 옥과2길16-5,76,2021-09-26
전라남도,곡성군,옥과면,옥전 마을회관,전라남도 곡성군 옥과면 옥과6길7,82.8,2021-09-26
전라남도,곡성군,옥과면,용두 마을회관,전라남도 곡성군 옥과면 용두길 62,98.5,2021-09-26
전라남도,곡성군,옥과면,율사 마을회관,전라남도 곡성군 옥과면 율사길 18,72.3,2021-09-26
전라남도,곡성군,옥과면,주산 마을회관,전라남도 곡성군 옥과면 주산길 5-2,182.6,2021-09-26
전라남도,곡성군,옥과면,죽림 마을회관,전라남도 곡성군 옥과면 죽림1길 24,97.9,2021-09-26
전라남도,곡성군,옥과면,지동 마을회관,전라남도 곡성군 옥과면 죽림지동길 60,84,2021-09-26
전라남도,곡성군,옥과면,지방 마을회관,전라남도 곡성군 옥과면 설산로 319,72.5,2021-09-26
전라남도,곡성군,옥과면,합강 마을회관,전라남도 곡성군 옥과면 합강길 1,83.3,2021-09-26
전라남도,곡성군,옥과면,황산 마을회관,전라남도 곡성군 옥과면 황산길 57,60,2021-09-26
전라남도,곡성군,옥과면,무림동 마을회관,전라남도 곡성군 옥과면 무림동길 15,90,2021-09-26
전라남도,곡성군,입면,매월1구 마을회관,전라남도 곡성군 입면 매월리 378,49.5,2021-09-26
전라남도,곡성군,입면,매월2구 마을회관,전라남도 곡성군 입면 매월리 527-1,66,2021-09-26
전라남도,곡성군,입면,매월3구 마을회관,전라남도 곡성군 입면 매월리 801-89,66,2021-09-26
전라남도,곡성군,입면,흑석 마을회관,전라남도 곡성군 입면 만수리 716-1,95.7,2021-09-26
전라남도,곡성군,입면,대장1구 마을회관,전라남도 곡성군 입면 대장리 211,41.7,2021-09-26
전라남도,곡성군,입면,대장2구 마을회관,전라남도 곡성군 입면 대장리 358-1,65.3,2021-09-26
전라남도,곡성군,입면,약천 마을회관,전라남도 곡성군 입면 약천리 331,159.1,2021-09-26
전라남도,곡성군,입면,만수1구 마을회관,전라남도 곡성군 입면 만수리 45,81.3,2021-09-26
전라남도,곡성군,입면,만수2구 마을회관,전라남도 곡성군 입면 만수리 491-2,67.2,2021-09-26
전라남도,곡성군,입면,금산1구 마을회관,전라남도 곡성군 입면 금산리 177,63.2,2021-09-26
전라남도,곡성군,입면,금산 내금 마을회관,전라남도 곡성군 입면 금산리 263-4,66,2021-09-26
전라남도,곡성군,입면,금산 외금 마을회관,전라남도 곡성군 입면 금산리 354,54,2021-09-26
전라남도,곡성군,입면,금산4구 마을회관,전라남도 곡성군 입면 금산리 615,99,2021-09-26
전라남도,곡성군,입면,서봉1구 마을회관,전라남도 곡성군 입면 서봉리 441-1,140.1,2021-09-26
전라남도,곡성군,입면,서봉2구 마을회관,전라남도 곡성군 입면 서봉리 468-3,149.3,2021-09-26
전라남도,곡성군,입면,제월 곡촌 마을회관,전라남도 곡성군 입면 제월리 125,49.5,2021-09-26
전라남도,곡성군,입면,제월 평촌 마을회관,전라남도 곡성군 입면 제월리 405-1,84.6,2021-09-26
전라남도,곡성군,입면,제월 군촌 마을회관,전라남도 곡성군 입면 제월리 278,73.2,2021-09-26
전라남도,곡성군,입면,창정1구 마을회관,전라남도 곡성군 입면 창정리 42-3,66.9,2021-09-26
전라남도,곡성군,입면,창정2구 마을회관,전라남도 곡성군 입면 창정리 196,66,2021-09-26
전라남도,곡성군,입면,창정3구 마을회관,전라남도 곡성군 입면 창정리 183,99.7,2021-09-26
전라남도,곡성군,입면,입석1구 마을회관,전라남도 곡성군 입면 입석리 290,66.9,2021-09-26
전라남도,곡성군,입면,입석2구 마을회관,전라남도 곡성군 입면 입석리 235-1,90,2021-09-26
전라남도,곡성군,입면,삼오 궁동 마을회관,전라남도 곡성군 입면 삼오리 99-1,65.3,2021-09-26
전라남도,곡성군,입면,삼오2구 마을회관,전라남도 곡성군 입면 삼오리 609-1,65.3,2021-09-26
전라남도,곡성군,입면,삼오 연지 마을회관,전라남도 곡성군 입면 삼오리 639-1,64,2021-09-26
전라남도,곡성군,입면,송전1구 마을회관,전라남도 곡성군 입면 송전리 634-1,65.5,2021-09-26
전라남도,곡성군,입면,송전2구 마을회관,전라남도 곡성군 입면 송전리 969-1,68,2021-09-26
전라남도,곡성군,입면,송전3구 마을회관,전라남도 곡성군 입면 송전리 926,93.4,2021-09-26
전라남도,곡성군,입면,송전 종방 마을회관,전라남도 곡성군 입면 송전리 1-118,172.3,2021-09-26
전라남도,곡성군,겸면,지리 마을회관,전라남도 곡성군 겸면 현정길 89-19,56.8,2021-09-26
전라남도,곡성군,겸면,현정 마을회관,전라남도 곡성군 겸면 현정길 49-10,70.8,2021-09-26
전라남도,곡성군,겸면,심정 마을회관,전라남도 곡성군 겸면 심정길 42,66.5,2021-09-26
전라남도,곡성군,겸면,가정 마을회관,전라남도 곡성군 겸면 가정길 65,69,2021-09-26
전라남도,곡성군,겸면,평장 마을회관,전라남도 곡성군 겸면 평장길 62-1,70.1,2021-09-26
전라남도,곡성군,겸면,원평 마을회관,전라남도 곡성군 겸면 평장길 101,137.8,2021-09-26
전라남도,곡성군,겸면,마전 마을회관,전라남도 곡성군 겸면 마전길 361,68.4,2021-09-26
전라남도,곡성군,겸면,산정 마을회관,전라남도 곡성군 겸면 산정길 98-9,62,2021-09-26
전라남도,곡성군,겸면,상덕 마을회관,전라남도 곡성군 겸면 상덕길 103,63.9,2021-09-26
전라남도,곡성군,겸면,회화 마을회관,전라남도 곡성군 겸면 회화길 8,63,2021-09-26
전라남도,곡성군,겸면,괴정 마을회관,전라남도 곡성군 겸면 서리봉로 122,65.3,2021-09-26
전라남도,곡성군,겸면,초곡 마을회관,전라남도 곡성군 겸면 초곡길 162,51.9,2021-09-26
전라남도,곡성군,겸면,신흥 마을회관,전라남도 곡성군 겸면 신흥길 54,78,2021-09-26
전라남도,곡성군,겸면,흥복 마을회관,전라남도 곡성군 겸면 곡순로 1617-6,84.5,2021-09-26
전라남도,곡성군,겸면,대명 마을회관,전라남도 곡성군 겸면 대명길 85-1,86.7,2021-09-26
전라남도,곡성군,겸면,백운 마을회관,전라남도 곡성군 겸면 대명길 210,82.6,2021-09-26
전라남도,곡성군,겸면,송강 마을회관,전라남도 곡성군 겸면 송강길 24,56.3,2021-09-26
전라남도,곡성군,겸면,대흥 마을회관,전라남도 곡성군 겸면 대흥길 53,64.8,2021-09-26
전라남도,곡성군,겸면,운교 마을회관,전라남도 곡성군 겸면 운교길 36,71,2021-09-26
전라남도,곡성군,겸면,죽산 마을회관,전라남도 곡성군 겸면 죽산하늘재길 61,66.5,2021-09-26
전라남도,곡성군,겸면,칠봉 마을회관,전라남도 곡성군 겸면 칠봉길 89,135.3,2021-09-26
전라남도,곡성군,겸면,남양 마을회관,전라남도 곡성군 겸면 남양길 23,73.9,2021-09-26
전라남도,곡성군,오산면,부들 마을회관,전라남도 곡성군 오산면 부들길 34-10,90.3,2021-09-26
전라남도,곡성군,오산면,함안 마을회관,전라남도 곡성군 오산면 함안길 37,82.6,2021-09-26
전라남도,곡성군,오산면,봉서 마을회관,전라남도 곡성군 오산면 봉서길 61,66.5,2021-09-26
전라남도,곡성군,오산면,오봉 마을회관,전라남도 곡성군 오산면 오산로 592-3,70.8,2021-09-26
전라남도,곡성군,오산면,율천 마을회관,전라남도 곡성군 오산면 율천길 139,52.8,2021-09-26
전라남도,곡성군,오산면,단사 마을회관,전라남도 곡성군 오산면 단사길 28-1,61.4,2021-09-26
전라남도,곡성군,오산면,사리 마을회관,전라남도 곡성군 오산면 사리길 8,67,2021-09-26
전라남도,곡성군,오산면,조양 마을회관,전라남도 곡성군 오산면 조양길 41,76,2021-09-26
전라남도,곡성군,오산면,반석 마을회관,전라남도 곡성군 오산면 반석리길 26-2,61.1,2021-09-26
전라남도,곡성군,오산면,용계 마을회관,전라남도 곡성군 오산면 용계길 20-1,149,2021-09-26
전라남도,곡성군,오산면,작천 마을회관,전라남도 곡성군 오산면 작천길 15,61,2021-09-26
전라남도,곡성군,오산면,선세 마을회관,전라남도 곡성군 오산면 선세길 28-2,61.5,2021-09-26
전라남도,곡성군,오산면,성덕 마을회관,전라남도 곡성군 오산면 성덕관음길 69,72.5,2021-09-26
전라남도,곡성군,오산면,관음사 마을회관,전라남도 곡성군 오산면 성덕관음길 364,71,2021-09-26
전라남도,곡성군,오산면,가곡 마을회관,전라남도 곡성군 오산면 가곡길 303-1,136.1,2021-09-26
전라남도,곡성군,오산면,초현 마을회관,전라남도 곡성군 오산면 청단길 170-1,68.1,2021-09-26
전라남도,곡성군,오산면,청단 마을회관,전라남도 곡성군 오산면 청단길 11,93.5,2021-09-26
전라남도,곡성군,오산면,연화 마을회관,전라남도 곡성군 오산면 연화길 114,241.6,2021-09-26
전라남도,곡성군,오산면,안평 마을회관,전라남도 곡성군 오산면 안평길 17,142.7,2021-09-26
전라남도,곡성군,오산면,운곡1구 마을회관,전라남도 곡성군 오산면 운곡1길 131,70,2021-09-26
전라남도,곡성군,오산면,운곡2구 마을회관,전라남도 곡성군 오산면 운곡2길 46,49,2021-09-26
